k,stratum,comp,GEOID,county,buildings,residents,homes,n_cross,single_crossing,verdict,reason,images
0,1,94,48137950300,Edwards,35.0,8.7,6.6,5,False,exit_visible,About 2 km of graded but unmapped ranch roads link the spine to the end of a mapped main-network road 1.4 km WNW (upland draws only),a00_s1_c94_0overview.jpg a00_s1_c94_tiles1.jpg a00_s1_c94_tiles2.jpg a00_s1_c94_tiles3.jpg a00_s1_c94_tiles4.jpg a00_s1_c94_tiles5.jpg a00_s1_c94_tiles6.jpg a00_s1_c94_zooms.jpg extra_c94_1.jpg extra_c94_2.jpg extra_c94_3.jpg extra_c94_4.jpg
1,1,583,48113015002,Dallas,28.0,106.7,30.3,1,True,isolated,Creek to the N; drainage channel W and S; woods E; no track,a01_s1_c583_0overview.jpg a01_s1_c583_zooms.jpg
2,1,635,48221160216,Hood,17.0,15.7,13.3,1,True,cannot_tell,Farm lane from the turnaround to the main road may cross the same tributary; SW path crosses wetland channels,a02_s1_c635_0overview.jpg a02_s1_c635_zooms.jpg extra_c635_1.jpg extra_c635_2.jpg
3,1,788,48185180304,Grimes,14.0,7.7,3.9,1,True,cannot_tell,Dirt lane runs N into pasture with ranch tracks; no continuous route to a mapped road,a03_s1_c788_0overview.jpg a03_s1_c788_zooms.jpg extra_c788_1.jpg
4,1,789,48473680602,Waller,22.0,29.0,10.3,1,True,cannot_tell,Dirt track E to a tree line; nursery roads 100 to 150 m beyond with no gate visible,a04_s1_c789_0overview.jpg a04_s1_c789_zooms.jpg
5,1,792,48473680301,Waller,14.0,11.8,4.9,1,True,exit_visible,Pasture two-track runs about 240 m to the bend of a mapped road on the same side of the creek,a05_s1_c792_0overview.jpg a05_s1_c792_zooms.jpg
6,1,798,48339692501,Montgomery,24.0,30.7,12.6,1,True,cannot_tell,E road ends 190 m from a mapped road end through woodland and pasture; possible drive,a06_s1_c798_0overview.jpg a06_s1_c798_zooms.jpg
7,1,855,48123970202,Dewitt,17.0,1.1,0.8,1,True,exit_visible,Dirt lease road continues about 300 m to a well pad with a mapped access road,a07_s1_c855_0overview.jpg a07_s1_c855_tiles1.jpg a07_s1_c855_tiles2.jpg a07_s1_c855_tiles3.jpg a07_s1_c855_zooms.jpg
8,1,911,48187210902,Guadalupe,35.0,40.3,18.6,1,True,cannot_tell,Paddock track and field-edge lane toward a mapped road end; no continuous track,a08_s1_c911_0overview.jpg a08_s1_c911_tiles1.jpg a08_s1_c911_zooms.jpg extra_c911_1.jpg
9,1,1033,48273020101,Kleberg,12.0,5.0,3.0,1,True,cannot_tell,Mapped stubs end at fence corners; possible section-line tracks but none traceable,a09_s1_c1033_0overview.jpg extra_c1033_1.jpg extra_c1033_2.jpg
10,2,89,48385950100,Real,39.0,17.1,10.6,2,False,exit_visible,Unmapped drive joins RR 337 on the far side of the crossing,a10_s2_c89_0overview.jpg a10_s2_c89_tiles1.jpg a10_s2_c89_tiles2.jpg a10_s2_c89_zooms.jpg extra_c89_1.jpg
11,2,301,48171950100,Gillespie,47.0,17.3,14.2,2,False,exit_visible,Dirt road about 250 m W across pasture to the end of a mapped road,a11_s2_c301_0overview.jpg a11_s2_c301_tiles1.jpg a11_s2_c301_tiles2.jpg a11_s2_c301_zooms.jpg extra_c301_1.jpg
12,2,305,48171950302,Gillespie,40.0,38.7,22.6,1,True,cannot_tell,Gated community; lanes end 90 to 180 m from mapped roads under tree canopy,a12_s2_c305_0overview.jpg a12_s2_c305_tiles1.jpg a12_s2_c305_zooms.jpg
13,2,431,48209010816,Hays,38.0,52.4,18.2,1,True,exit_visible,Dirt drive about 200 m S from the houses to the end of a mapped road,a13_s2_c431_0overview.jpg a13_s2_c431_tiles1.jpg a13_s2_c431_zooms.jpg extra_c431_1.jpg
14,2,440,48209010912,Hays,50.0,81.2,22.4,1,True,cannot_tell,Street ends on a quarry perimeter road; the quarry's access route cannot be traced,a14_s2_c440_0overview.jpg a14_s2_c440_zooms.jpg extra_c440_1.jpg extra_c440_2.jpg extra_c440_3.jpg extra_c440_4.jpg
15,2,685,48251130405,Johnson,46.0,65.9,16.6,2,False,isolated,Road between two crossings; side lanes end in woods and fields with no track,a15_s2_c685_0overview.jpg a15_s2_c685_zooms.jpg
16,2,790,48201556000,Harris,41.0,117.6,33.4,1,True,cannot_tell,Street stub ends 58 m from a mapped loop across a tree line,a16_s2_c790_0overview.jpg a16_s2_c790_zooms.jpg
17,2,876,48209010306,Hays,51.0,117.3,39.7,3,False,isolated,All three roads out cross at official crossings; woods field and riverbank otherwise,a17_s2_c876_0overview.jpg a17_s2_c876_tiles1.jpg a17_s2_c876_zooms.jpg
18,2,880,48209010603,Hays,42.0,37.4,15.9,3,False,cannot_tell,Faint ranch trails toward mapped roads 325 to 454 m away; not traceable,a18_s2_c880_0overview.jpg a18_s2_c880_tiles1.jpg a18_s2_c880_zooms.jpg
19,2,919,48187210804,Guadalupe,56.0,61.9,23.4,2,False,isolated,Road between two crossings; open field and scrub with no drive,a19_s2_c919_0overview.jpg a19_s2_c919_tiles1.jpg a19_s2_c919_zooms.jpg
20,3,427,48209010806,Hays,114.0,167.1,60.5,1,True,cannot_tell,Lane end 64 m from a mapped road end near houses; possible drive,a20_s3_c427_0overview.jpg a20_s3_c427_tiles1.jpg a20_s3_c427_zooms.jpg
21,3,428,48209010809,Hays,87.0,103.7,39.3,2,False,cannot_tell,Lane ends 87 to 89 m from mapped roads; possible driveways,a21_s3_c428_0overview.jpg a21_s3_c428_tiles1.jpg a21_s3_c428_zooms.jpg
22,3,614,48439100700,Tarrant,80.0,227.7,91.1,2,False,cannot_tell,Urban edge; lane ends 30 to 40 m from mapped parking aisles; a paved link is plausible,a22_s3_c614_0overview.jpg a22_s3_c614_zooms.jpg extra_c614_1.jpg
23,3,627,48251130213,Johnson,80.0,228.9,77.0,1,True,isolated,Grid subdivision; frontage road and W road lie across grass and field with no track,a23_s3_c627_0overview.jpg a23_s3_c627_zooms.jpg
24,3,642,48425000102,Somervell,76.0,142.4,59.8,1,True,cannot_tell,Streets end 75 to 130 m from a mapped loop; drives and yards between,a24_s3_c642_0overview.jpg a24_s3_c642_zooms.jpg extra_c642_1.jpg
25,3,654,48251130502,Johnson,63.0,65.6,27.6,2,False,isolated,Road between two crossings; forest and pasture with no track,a25_s3_c654_0overview.jpg a25_s3_c654_tiles1.jpg a25_s3_c654_zooms.jpg
26,3,730,48113017008,Dallas,64.0,198.2,82.1,1,True,cannot_tell,Park corner is 50 m of grass from a mapped lane; tracks to the E not traceable,a26_s3_c730_0overview.jpg a26_s3_c730_zooms.jpg
27,3,893,48091310905,Comal,71.0,88.8,37.6,3,False,isolated,Woodland between houses on all sides; no drive or track,a27_s3_c893_0overview.jpg a27_s3_c893_tiles1.jpg a27_s3_c893_zooms.jpg
28,3,951,48209010811,Hays,87.0,45.0,26.3,2,False,cannot_tell,Dirt road runs E along the creek toward an airstrip and a mapped road end; not traceable,a28_s3_c951_0overview.jpg a28_s3_c951_tiles1.jpg a28_s3_c951_zooms.jpg extra_c951_1.jpg extra_c951_2.jpg
29,3,959,48259970302,Kendall,65.0,43.6,21.8,1,True,exit_visible,Clear dirt road about 450 m W to a mapped loop road,a29_s3_c959_0overview.jpg a29_s3_c959_tiles1.jpg a29_s3_c959_zooms.jpg
30,4,52,48265960800,Kerr,135.0,50.4,28.4,2,False,exit_visible,Graded dirt road about 300 m SE to the end of a mapped road,a30_s4_c52_0overview.jpg a30_s4_c52_tiles1.jpg a30_s4_c52_tiles2.jpg a30_s4_c52_tiles3.jpg a30_s4_c52_tiles4.jpg a30_s4_c52_zooms.jpg
31,4,67,48019000200,Bandera,134.0,91.8,39.3,5,False,cannot_tell,Ranchland with many two-tracks; mapped roads 0.8 to 1.1 km away,a31_s4_c67_0overview.jpg a31_s4_c67_tiles1.jpg a31_s4_c67_tiles2.jpg a31_s4_c67_tiles3.jpg a31_s4_c67_tiles4.jpg a31_s4_c67_tiles5.jpg a31_s4_c67_zooms.jpg
32,4,68,48019000200,Bandera,393.0,241.2,138.2,5,False,cannot_tell,Ranch subdivision; dirt roads on both sides of a riparian strip but no visible link,a32_s4_c68_0overview.jpg a32_s4_c68_tiles1.jpg a32_s4_c68_tiles2.jpg a32_s4_c68_tiles3.jpg a32_s4_c68_tiles4.jpg a32_s4_c68_tiles5.jpg a32_s4_c68_tiles6.jpg a32_s4_c68_tiles7.jpg a32_s4_c68_tiles8.jpg a32_s4_c68_zooms.jpg
33,4,391,48031950102,Blanco,147.0,155.2,69.7,3,False,isolated,River meander and creek; every approach crosses the streams the crossings span,a33_s4_c391_0overview.jpg a33_s4_c391_tiles1.jpg a33_s4_c391_tiles2.jpg a33_s4_c391_tiles3.jpg a33_s4_c391_tiles4.jpg a33_s4_c391_tiles5.jpg a33_s4_c391_zooms.jpg
34,4,410,48209010811,Hays,383.0,400.5,181.6,5,False,cannot_tell,Cleared corridor (probably a pipeline) crosses the spine toward mapped roads,a34_s4_c410_0overview.jpg a34_s4_c410_tiles1.jpg a34_s4_c410_tiles2.jpg a34_s4_c410_tiles3.jpg a34_s4_c410_zooms.jpg
35,4,414,48209010810,Hays,150.0,131.1,56.7,2,False,exit_visible,Mapped road ends 48 m short and a dirt track continues across the gap,a35_s4_c414_0overview.jpg a35_s4_c414_tiles1.jpg a35_s4_c414_tiles2.jpg a35_s4_c414_tiles3.jpg a35_s4_c414_zooms.jpg
36,4,534,48363000300,Palo Pinto,155.0,89.3,53.6,1,True,exit_is_a_ford,Road ford across the Brazos main stem (in TIGER only; not in either inventory) to a mapped road; it floods too,a36_s4_c534_0overview.jpg a36_s4_c534_tiles1.jpg a36_s4_c534_tiles2.jpg a36_s4_c534_tiles3.jpg a36_s4_c534_tiles4.jpg a36_s4_c534_tiles5.jpg a36_s4_c534_zooms.jpg
37,4,721,48397040511,Rockwall,196.0,393.1,157.6,1,True,cannot_tell,Lane ends 82 m from a mapped road end across an estate yard,a37_s4_c721_0overview.jpg a37_s4_c721_tiles1.jpg a37_s4_c721_zooms.jpg
38,4,968,48029172006,Bexar,220.0,369.2,118.4,2,False,isolated,Between two wooded drainage channels; no other road over either,a38_s4_c968_0overview.jpg a38_s4_c968_zooms.jpg
39,4,979,48029141800,Bexar,1865.0,1226.3,379.1,3,False,exit_is_a_ford,Unmapped two-track along a cleared corridor to the E fords a creek at grade before reaching the main road,a39_s4_c979_0overview.jpg a39_s4_c979_tiles1.jpg a39_s4_c979_tiles2.jpg a39_s4_c979_zooms.jpg extra_c979_1.jpg extra_c979_2.jpg extra_c979_3.jpg
