k,stratum,comp,bldg,n_cross,single_crossing,pop_block,hu_block,GEOID
0,1,94,35.0,5,False,8.731182795698924,6.627656914228559,48137950300
1,1,583,28.0,1,True,106.66666666666664,30.333333333333343,48113015002
2,1,635,17.0,1,True,15.728287841191067,13.305210918114147,48221160216
3,1,788,14.0,1,True,7.719626168224298,3.859813084112149,48185180304
4,1,789,22.0,1,True,28.962025316455694,10.303797468354432,48473680602
5,1,792,14.0,1,True,11.816513761467888,4.880733944954129,48473680301
6,1,798,24.0,1,True,30.71775211557342,12.55173219879377,48339692501
7,1,855,17.0,1,True,1.0602409638554218,0.7710843373493975,48123970202
8,1,911,35.0,1,True,40.326086956521706,18.586956521739125,48187210902
9,1,1033,12.0,1,True,5.0,3.0,48273020101
10,2,89,39.0,2,False,17.102841136454586,10.584033613445383,48385950100
11,2,301,47.0,2,False,17.2710843373494,14.156626506024104,48171950100
12,2,305,40.0,1,True,38.73214285714283,22.64880952380952,48171950302
13,2,431,38.0,1,True,52.367945823927776,18.227990970654627,48209010816
14,2,440,50.0,1,True,81.23869047619044,22.44357142857144,48209010912
15,2,685,46.0,2,False,65.91111111111111,16.593518518518522,48251130405
16,2,790,41.0,1,True,117.6413793103448,33.40000000000001,48201556000
17,2,876,51.0,3,False,117.33331826401434,39.7014918625678,48209010306
18,2,880,42.0,3,False,37.35690235690236,15.885521885521891,48209010603
19,2,919,56.0,2,False,61.85760407816488,23.388275276125736,48187210804
20,3,427,114.0,1,True,167.07387730553347,60.50240577385729,48209010806
21,3,428,87.0,2,False,103.73062558356665,39.301587301587325,48209010809
22,3,614,80.0,2,False,227.72222222222234,91.11111111111117,48439100700
23,3,627,80.0,1,True,228.9363057324843,77.04458598726121,48251130213
24,3,642,76.0,1,True,142.4077669902912,59.76699029126221,48425000102
25,3,654,63.0,2,False,65.58329823276254,27.63159051368925,48251130502
26,3,730,64.0,1,True,198.2100840336133,82.10084033613438,48113017008
27,3,893,71.0,3,False,88.82228116710868,37.6007957559682,48091310905
28,3,951,87.0,2,False,44.995821161960436,26.32039110678351,48209010811
29,3,959,65.0,1,True,43.59943925233649,21.82554517133955,48259970302
30,4,52,135.0,2,False,50.357860231896844,28.393027418518876,48265960800
31,4,67,134.0,5,False,91.83044982698978,39.29089014346717,48019000200
32,4,68,393.0,5,False,241.21193379291137,138.2018993070607,48019000200
33,4,391,147.0,3,False,155.1917954312411,69.7457805779412,48031950102
34,4,410,383.0,5,False,400.49120305438817,181.61619359291288,48209010811
35,4,414,150.0,2,False,131.13077735976685,56.72088599568856,48209010810
36,4,534,155.0,1,True,89.33901808785515,53.63927648578803,48363000300
37,4,721,196.0,1,True,393.12500000000006,157.58333333333326,48397040511
38,4,968,220.0,2,False,369.2118698149339,118.39821314613953,48029172006
39,4,979,1865.0,3,False,1226.323580556706,379.1370471540701,48029141800
