file,comp,lon,lat,size_m
extra_c1033_1.jpg,1033,-97.81140,27.34890,6000
extra_c1033_2.jpg,1033,-97.81140,27.34890,2500
extra_c301_1.jpg,301,-98.70744,30.37572,1000
extra_c431_1.jpg,431,-97.97156,30.16603,500
extra_c440_1.jpg,440,-97.91000,30.12450,3500
extra_c440_2.jpg,440,-97.90874,30.11892,700
extra_c440_3.jpg,440,-97.90600,30.12550,1000
extra_c440_4.jpg,440,-97.90400,30.13700,3000
extra_c614_1.jpg,614,-97.37850,32.78150,350
extra_c635_1.jpg,635,-97.82751,32.53711,450
extra_c635_2.jpg,635,-97.82996,32.53334,300
extra_c642_1.jpg,642,-97.75420,32.22489,450
extra_c788_1.jpg,788,-95.96680,30.51850,2400
extra_c89_1.jpg,89,-99.79132,29.73752,1200
extra_c911_1.jpg,911,-97.86648,29.57268,900
extra_c94_1.jpg,94,-100.53450,30.03220,1600
extra_c94_2.jpg,94,-100.54000,30.04200,3200
extra_c94_3.jpg,94,-100.53670,30.03800,1300
extra_c94_4.jpg,94,-100.54380,30.03950,2000
extra_c951_1.jpg,951,-98.19141,29.96475,700
extra_c951_2.jpg,951,-98.18050,29.96200,1600
extra_c979_1.jpg,979,-98.40680,29.26550,1500
extra_c979_2.jpg,979,-98.40835,29.26525,450
extra_c979_3.jpg,979,-98.41400,29.26350,500
