area_id,verdict,reason
94,EXIT_UNMAPPED,"Unmapped ranch road runs about 1.3 km east from the cyan road past a homestead to oil pads where a white road begins; upland scrub, no channel crossed."
583,ISOLATED,"Park is bounded by the creek at the marked crossing and a grassed flood channel west and south; no track enters the wooded strip east, and the nearest white roads are across the channel."
635,UNSETTLED,A faint pale line runs along the grass strip from a white road to a bare patch 30 m from the cyan road's north end; at this resolution it cannot be told from a mowing edge.
788,UNSETTLED,A tree-lined lane from the cyan road's north-east end vanishes under canopy in a wooded creek corridor; a barn yard sits 110 m from a white road end across fenced pasture with no track.
789,UNSETTLED,"The north-east houses' sandy yard reaches within about 60 m of a nursery's internal road across brush and a grass strip; no worn track visible, other sides dense woods."
792,UNSETTLED,"A pasture track reaches an arena 30 to 60 m from a white road's driveway, and a creek-bank track from a compound on the area side ends 100 m from an unmapped street; both last links cross open yards with no visible path."
798,UNSETTLED,East side is a mosaic of lawns and tree clumps; houses at two white road ends lie 110 to 150 m from the area's houses with no continuous track visible.
855,EXIT_UNMAPPED,"Oil-lease dirt track runs about 290 m from the cyan road's north-east end to the pad where a white road ends; open pasture, no watercourse."
911,EXIT_UNMAPPED,Yard east of the houses joins an oval track and a field-edge lane running about 500 m south and south-east to the house at a white road's north end; clear of the creek at the crossing.
1033,UNSETTLED,Cyan road ends 400 m west of a white road's bend on the same hedge line; pale strips follow the hedge but no wheel track can be traced.
89,EXIT_UNMAPPED,Gravel track leaves the highway 130 m east of the east crossing and runs north beside the drainage into the area's house cluster at its head; no channel crossed.
301,EXIT_UNMAPPED,Graded dirt road runs about 250 m from the cyan north-south road west along a field edge to the farmstead where a white road ends; no watercourse.
305,UNSETTLED,"Golf community; a track from a white road's end fades in rough 40 to 60 m short of the cart paths, and the 3 km boundary is partly wooded."
431,EXIT_UNMAPPED,"Sandy track runs about 250 m south from the house cluster into the white road's north tip; wooded upland, no drainage crossed."
440,UNSETTLED,North end joins a quarry perimeter road whose link to a public road is not visible; south side dense woods.
685,ISOLATED,"Highway stretch between the two marked crossings; side roads end at homes, pads and open pasture, and no track leaves toward the white roads 215 to 300 m away."
790,ISOLATED,Only road out is over the marked crossing; the 58 m stub and a field road to the south end at yards and a tree line with no drive through.
876,UNSETTLED,A field-edge track from the frontage road ends 20 to 30 m from the westmost yards behind an unbroken hedgerow; any link is hidden under trees.
880,UNSETTLED,North and east boundary is 2 km of dense juniper with patchy clearings; at the south-east crossing a side drive appears to ford a side creek.
919,UNSETTLED,A ranch track runs about 550 m north from the north-west cluster to a tree line beside a farmstead at a white road's end; the last 50 m is under brush.
427,EXIT_UNMAPPED,"The cleared power-line corridor the cyan road follows carries on about 110 m past the road's mapped end to a white road; upland scrub, no watercourse."
428,UNSETTLED,"Ringed by main roads; three near-misses of 45 to 85 m pass under canopy, so no link can be seen end to end."
614,UNSETTLED,"North lanes end in a dirt yard behind a commercial building whose lot opens onto the frontage road, but the 15 to 40 m links are hidden by trees and buildings."
627,ISOLATED,"Subdivision reached only by the north road over the marked crossing; open fields show no track, the highway side is fenced and the wooded south edge is the drainage itself."
642,EXIT_UNMAPPED,Gravel drive runs from the southern east street's end yard past a barn onto an apron meeting the white loop road about 90 m away; no watercourse.
654,UNSETTLED,"A farm compound at a white road's end has sheds 40 m above the north-east branch behind a tree line; a possible path there is not clear, other sides dense woods."
730,EXIT_UNMAPPED,Dirt tracks run north from the east houses along the pond dam and the creek's west bank to a dirt road ending at a building on the white U-road; no creek crossed.
893,UNSETTLED,Long subdivision in dense juniper; main-road driveways end 90 to 220 m from the south branches through woods with no visible track.
951,UNSETTLED,"Both mapped exits cross water, but woods on the creek's north bank between the south-west houses and a white road hold clearings with faint trails that cannot be traced."
959,EXIT_UNMAPPED,Graded dirt road runs about 450 m west from the yard at the cyan road's west end through upland scrub to the white loop road; no watercourse.
52,UNSETTLED,"Large ranch area; a track from a cyan loop ends about 45 m from a white road end across a fence line, and the dense track web cannot be traced."
67,UNSETTLED,Large area in juniper hills; a dirt track from a white road comes within about 60 m of the cyan road but stays across a wooded draw with no visible join.
68,EXIT_UNMAPPED,Dirt track runs about 250 m from a cyan road end round the west end of a wooded band and through scrub onto a white road's track; no channel seen.
391,UNSETTLED,"Long strip; the three nearest approaches cross water, and the east side's web of unmapped tracks cannot be traced end to end."
410,UNSETTLED,"Very large area; approaches at the south creek all cross water, and the north, east and west edges are scrub and woods with no traceable track."
414,EXIT_UNMAPPED,Straight graded dirt road runs about 260 m south from a white road's bend to a track meeting the cyan road's north-west corner; no watercourse.
534,EXIT_UNMAPPED,"Dirt ranch road runs about 850 m south from a white road's corner, past a stock pond and along a wooded draw, to houses at the end of a cyan spur; no water crossed."
721,EXIT_UNMAPPED,"Gravel driveway runs about 80 m from the white road's west end past a house to the yard where the north cyan road ends; open pasture, no water."
968,ISOLATED,"Neighbourhood between the two tree-lined channels the marked crossings bridge; open fields north and south show no track, lane or gate toward roads 300 to 340 m away."
979,UNSETTLED,"Huge area; a cleared utility corridor to the frontage road crosses the mouth of a wooded draw on a bare silt bed and may not be a road, and the rest of the boundary is not verifiable."
