GEOID,county,crossings_official,crossings_overture_30m,crossings_marked_ford_flood,flood_crossing_attribute_gap,careful_areas,careful_buildings,careful_buildings_single,careful_residents,careful_homes,tiger_agrees,tiger_other_way,tiger_mixed_or_road_missing,tiger_not_checked,nearmiss_20m_areas,road_gap
48029141800,Bexar,3,3,0,1.0,1,1342,0,372.7,125.3,1,0,0,0,0,0.003
48251130212,Johnson,29,27,0,1.0,5,1103,0,2126.3,708.5,6,0,0,1,1,0.0
48019000200,Bandera,67,57,0,1.0,8,905,15,499.4,331.9,8,1,2,6,0,0.0
48209010817,Hays,31,31,0,1.0,8,685,0,736.5,292.4,8,1,0,5,0,0.504
48265960301,Kerr,51,51,0,1.0,8,680,76,485.9,285.9,9,3,0,12,1,0.325
48209010912,Hays,11,11,0,1.0,5,567,104,977.7,355.9,5,0,0,0,0,0.0
48029141700,Bexar,9,9,0,1.0,1,523,0,853.6,253.8,1,0,0,0,0,0.132
48325000101,Medina,38,34,0,1.0,3,522,17,644.1,224.6,3,1,0,9,0,0.0
48299970401,Llano,8,8,0,1.0,1,474,474,299.1,350.4,1,0,0,0,0,0.475
48299970600,Llano,10,10,0,1.0,1,452,0,149.5,187.7,1,0,1,0,0,0.603
48453035200,Travis,3,3,0,1.0,1,434,0,861.3,361.9,1,0,0,0,0,
48209010811,Hays,22,22,0,1.0,3,393,103,412.7,204.5,3,1,0,2,0,
48251130414,Johnson,21,11,0,1.0,2,385,182,536.2,222.3,2,1,1,2,0,0.531
48209010807,Hays,20,20,0,1.0,6,379,0,287.6,133.5,6,0,0,3,0,0.0
48029182103,Bexar,10,9,0,1.0,1,369,0,662.9,223.6,1,0,0,1,0,0.598
48209010806,Hays,8,8,0,1.0,2,331,114,383.9,155.1,2,1,0,0,0,0.0
48453036500,Travis,3,3,0,1.0,1,326,326,344.9,146.6,1,0,0,0,0,0.558
48209010810,Hays,11,11,0,1.0,4,305,20,241.9,110.7,4,1,0,1,0,
48091310905,Comal,16,16,0,1.0,3,273,0,347.6,145.6,4,4,0,5,1,0.105
48325000302,Medina,15,14,0,1.0,4,273,25,191.3,89.7,4,0,0,1,0,0.0
48209010812,Hays,19,18,0,1.0,5,267,267,344.5,147.6,5,0,0,3,0,
48187210606,Guadalupe,5,5,0,1.0,2,259,218,330.2,165.9,2,0,0,0,0,0.318
48187210804,Guadalupe,31,31,0,1.0,2,255,0,256.5,111.8,2,0,0,1,0,0.009
48091310803,Comal,6,6,0,1.0,4,254,0,235.7,92.7,4,0,0,1,0,0.0
48299970100,Llano,90,80,0,1.0,3,251,193,145.1,86.0,3,0,3,16,0,0.371
48027022103,Bell,12,12,0,1.0,1,250,0,638.0,254.5,2,0,0,0,1,
48019000302,Bandera,9,9,0,1.0,1,241,0,203.1,90.3,1,0,0,1,0,0.0
48019000103,Bandera,12,10,0,1.0,2,221,221,161.2,67.4,2,0,0,1,0,0.0
48029172006,Bexar,5,5,0,1.0,1,220,0,369.2,118.4,1,1,0,0,0,0.0
48265960800,Kerr,34,32,0,1.0,2,219,84,131.8,61.0,3,0,0,4,1,0.448
48097000701,Cooke,7,7,0,1.0,1,217,0,264.2,166.9,2,0,0,0,1,
48091310801,Comal,15,15,0,1.0,1,210,0,308.0,123.0,1,0,0,2,0,0.0
48453031500,Travis,4,4,0,1.0,1,203,0,342.9,156.7,1,0,0,0,0,
48171950402,Gillespie,4,4,0,1.0,1,201,0,161.9,67.3,1,0,0,0,0,0.259
48209010818,Hays,18,17,0,1.0,4,198,0,177.6,76.2,4,0,1,6,0,
48397040511,Rockwall,2,1,0,1.0,1,196,196,393.1,157.6,1,0,0,0,0,
48019000104,Bandera,6,6,0,1.0,1,192,0,175.3,91.5,1,0,0,1,0,0.465
48187210902,Guadalupe,8,8,0,1.0,3,188,105,172.1,68.5,3,0,0,2,0,0.0
48209010919,Hays,6,6,0,1.0,1,188,0,278.8,89.1,1,0,0,0,0,0.0
48091310901,Comal,8,8,0,1.0,1,187,0,201.6,80.5,1,3,1,0,0,0.0
48091310614,Comal,2,2,0,1.0,1,186,186,189.2,140.2,1,0,0,0,0,0.0
48251130405,Johnson,36,30,0,1.0,3,184,78,271.6,92.9,3,1,0,3,0,
48299970300,Llano,92,85,0,1.0,5,184,32,47.4,47.7,5,1,1,17,0,0.0
48097000200,Cooke,20,20,0,1.0,1,178,0,110.6,85.3,1,0,0,1,0,0.0
48325000103,Medina,30,29,0,1.0,3,166,0,152.8,60.6,3,0,2,10,0,0.0
48251130501,Johnson,46,37,0,1.0,2,163,0,142.2,62.9,2,2,0,3,0,0.021
48363000300,Palo Pinto,4,4,0,1.0,1,155,155,89.3,53.6,1,0,0,0,0,0.0
48453035900,Travis,5,5,0,1.0,1,150,0,241.8,84.3,2,0,0,1,1,
48453036300,Travis,4,4,0,1.0,1,141,0,201.4,77.2,2,0,0,3,1,
48171950500,Gillespie,11,9,0,1.0,1,135,0,64.7,41.0,1,0,0,0,0,0.185
48325000104,Medina,11,11,0,1.0,1,135,0,108.4,51.8,1,0,0,1,0,0.0
48251130303,Johnson,12,11,0,1.0,2,128,28,149.7,59.0,2,0,1,4,0,0.54
48209010813,Hays,8,8,0,1.0,1,127,0,290.6,118.5,1,0,0,0,0,
48053960401,Burnet,1,1,0,1.0,1,123,123,132.4,67.0,1,0,0,0,0,0.0
48339692603,Montgomery,2,2,0,1.0,1,116,116,176.7,53.5,1,0,0,0,0,
48385950100,Real,55,54,0,1.0,3,114,23,43.5,27.6,3,1,1,5,0,0.0
48453001918,Travis,7,7,0,1.0,2,111,111,191.1,67.3,2,0,0,0,0,0.339
48221160217,Hood,3,3,0,1.0,2,107,107,156.1,70.0,2,0,0,0,0,0.553
48209010816,Hays,4,4,0,1.0,2,103,38,141.9,49.4,2,0,0,1,0,0.493
48139060900,Ellis,8,8,0,1.0,1,102,0,161.4,49.2,1,0,0,0,0,
48171950100,Gillespie,44,43,0,1.0,2,102,0,47.5,29.0,3,0,1,4,1,0.0
48451001710,Tom Green,10,10,0,1.0,2,102,102,90.4,43.7,2,0,0,0,0,0.0
48453033900,Travis,4,4,0,1.0,1,102,102,204.5,73.9,1,0,0,2,0,
48171950302,Gillespie,17,14,0,1.0,2,98,40,59.5,38.5,2,0,0,3,0,0.0
48009020200,Archer,42,42,0,1.0,1,96,96,5.0,36.0,1,0,0,0,0,0.0
48025950600,Bee,3,3,0,1.0,1,92,92,123.6,51.1,1,1,0,0,0,0.0
48201555600,Harris,4,3,0,1.0,2,90,90,150.6,43.8,2,0,0,0,0,0.0
48209010809,Hays,16,15,0,1.0,1,87,0,103.7,39.3,1,0,0,0,0,0.69
48453031100,Travis,4,4,0,1.0,1,87,0,128.1,49.3,1,0,0,0,0,0.0
48425000102,Somervell,6,6,0,1.0,2,86,86,152.3,64.7,2,0,0,0,0,0.0
48439114108,Tarrant,3,3,0,1.0,1,86,0,153.2,67.3,1,0,0,0,0,
48439114106,Tarrant,0,0,0,,1,85,0,457.0,136.0,1,0,0,0,0,0.0
48251130415,Johnson,41,23,0,1.0,2,84,0,86.0,34.9,2,2,1,4,0,0.424
48265960404,Kerr,6,4,0,1.0,1,84,0,75.2,33.9,1,0,0,1,0,0.624
48187210712,Guadalupe,3,3,0,1.0,1,83,0,226.1,79.6,1,0,0,0,0,
48251130213,Johnson,8,8,0,1.0,1,80,80,228.9,77.0,1,0,0,0,0,0.0
48439100700,Tarrant,3,2,0,1.0,1,80,0,227.7,91.1,1,0,0,0,0,0.464
48031950102,Blanco,30,29,0,1.0,1,78,0,92.3,46.2,1,0,0,4,0,0.0
48209010603,Hays,13,13,0,1.0,2,77,0,65.1,28.1,2,0,0,5,0,0.0
48473680201,Waller,10,9,0,1.0,1,77,0,86.5,27.6,1,0,0,0,0,
48187210608,Guadalupe,9,9,0,1.0,1,75,0,143.3,39.4,1,0,0,0,0,0.77
48099010802,Coryell,5,5,0,1.0,1,73,0,99.8,38.5,1,0,0,0,0,0.0
48251130413,Johnson,8,7,0,1.0,1,72,0,72.5,27.6,1,0,0,1,0,0.0
48325000402,Medina,28,28,0,1.0,2,69,0,88.3,28.3,2,1,0,2,0,0.0
48481740100,Wharton,6,6,0,1.0,1,69,0,75.8,31.1,1,0,0,0,0,0.0
48491020122,Williamson,2,2,0,1.0,1,67,67,80.6,30.8,1,0,0,0,0,0.537
48251130406,Johnson,20,16,0,1.0,1,66,66,91.0,39.6,1,0,0,0,0,0.0
48259970302,Kendall,8,8,0,1.0,1,65,65,43.6,21.8,1,0,0,0,0,0.567
48113017008,Dallas,6,6,0,1.0,1,64,64,198.2,82.1,1,0,0,0,0,0.0
48265960304,Kerr,28,26,0,1.0,3,64,22,24.6,25.0,5,1,0,3,2,0.0
48251130502,Johnson,22,19,0,1.0,1,63,0,65.6,27.6,1,2,0,3,0,0.0
48265960500,Kerr,4,4,0,1.0,1,62,0,120.8,42.3,1,0,0,0,0,0.32
48091310706,Comal,9,7,0,1.0,1,59,0,75.9,27.7,1,0,0,0,0,0.0
48319950200,Mason,54,53,0,1.0,2,58,10,15.4,16.8,2,0,0,7,0,0.0
48187210903,Guadalupe,23,23,0,1.0,1,56,0,35.1,18.9,1,0,0,4,0,0.136
48325000301,Medina,45,41,0,1.0,1,56,0,32.4,16.3,1,0,0,7,0,0.0
48091310610,Comal,6,6,0,1.0,1,55,0,74.1,23.5,1,0,0,0,0,0.528
48451001709,Tom Green,15,15,0,1.0,1,55,55,56.9,21.6,1,0,0,0,0,0.0
48027020301,Bell,2,2,0,1.0,1,54,0,135.7,51.9,1,0,0,0,0,0.315
48251130215,Johnson,17,10,0,1.0,1,54,54,84.6,26.1,1,0,0,2,0,0.0
48397040409,Rockwall,7,7,0,1.0,1,54,0,83.1,24.7,1,2,0,0,0,0.0
48423001000,Smith,6,6,0,1.0,1,54,54,103.3,52.9,1,0,0,0,0,0.0
48145000500,Falls,11,11,0,1.0,1,53,0,51.1,26.1,1,0,0,0,0,0.0
48371950100,Pecos,12,9,0,1.0,1,52,0,74.6,43.7,1,0,0,0,0,0.0
48015760302,Austin,5,5,0,1.0,1,45,0,23.6,13.3,1,0,0,0,0,0.0
48121020315,Denton,4,4,0,1.0,1,44,44,47.9,16.0,1,0,0,0,0,0.0
48453030500,Travis,7,6,0,1.0,1,44,0,90.8,32.9,1,0,0,2,0,0.0
48209010306,Hays,4,4,0,1.0,1,42,0,98.5,33.8,1,0,0,0,0,0.0
48201556000,Harris,6,3,0,1.0,1,41,41,117.6,33.4,1,0,0,0,0,0.307
48325000801,Medina,10,9,0,1.0,1,39,39,30.2,11.8,1,0,0,1,0,0.0
48031950202,Blanco,24,24,0,1.0,1,37,0,18.7,12.8,1,0,0,2,0,0.0
48185180102,Grimes,3,3,0,1.0,1,37,37,32.6,16.4,1,0,0,0,0,0.0
48187210511,Guadalupe,19,19,0,1.0,1,37,0,23.0,9.9,1,0,0,4,0,0.261
48339693703,Montgomery,1,1,0,1.0,1,37,37,143.5,69.0,1,0,0,0,0,0.0
48023950302,Baylor,9,7,0,1.0,1,36,36,5.0,9.0,1,0,0,1,0,0.386
48187210508,Guadalupe,23,23,0,1.0,1,36,0,28.3,12.8,1,0,0,5,0,0.164
48265960700,Kerr,15,14,0,1.0,1,36,0,13.6,8.2,1,2,0,1,0,0.648
48273020301,Kleberg,7,7,0,1.0,1,36,0,66.0,30.9,1,0,0,0,0,
48053960200,Burnet,15,15,0,1.0,1,35,0,20.1,11.7,1,0,0,3,0,0.0
48137950300,Edwards,52,46,0,1.0,1,35,0,8.7,6.6,1,0,0,2,0,0.0
48439100602,Tarrant,3,3,0,1.0,1,34,0,41.6,23.3,1,0,0,0,0,0.474
48251130412,Johnson,19,18,0,1.0,1,32,0,29.9,13.6,1,0,0,4,0,0.0
48439114207,Tarrant,1,1,0,1.0,1,32,0,60.3,28.6,1,0,0,0,0,0.0
48027023301,Bell,4,4,0,1.0,1,30,0,20.9,9.9,1,0,0,1,0,0.222
48209010922,Hays,9,9,0,1.0,1,29,0,88.8,30.4,1,0,0,0,0,0.0
48027020102,Bell,13,12,0,1.0,1,28,28,27.2,12.0,1,0,0,0,0,0.0
48113015002,Dallas,3,3,0,1.0,1,28,28,106.7,30.3,1,0,0,0,0,0.0
48459950101,Upshur,1,1,0,1.0,1,25,25,3.2,2.6,1,0,0,0,0,0.0
48339692501,Montgomery,1,1,0,1.0,1,24,24,30.7,12.6,1,0,0,0,0,0.015
48477170602,Washington,2,2,0,1.0,1,23,23,14.7,8.0,1,0,0,0,0,0.0
48473680602,Waller,6,6,0,1.0,1,22,22,29.0,10.3,1,0,0,0,0,
48029191701,Bexar,1,1,0,1.0,1,21,21,21.0,7.9,1,0,0,0,0,0.0
48171950200,Gillespie,30,28,0,1.0,1,21,21,17.1,7.3,1,0,0,3,0,0.0
48477170501,Washington,7,7,0,1.0,1,19,19,8.5,6.1,1,0,0,0,0,0.0
48187210603,Guadalupe,7,7,0,1.0,1,18,0,27.1,9.3,1,0,0,1,0,0.0
48265960101,Kerr,7,7,0,1.0,2,18,18,17.4,8.6,2,1,0,0,0,0.055
48451000700,Tom Green,6,6,0,1.0,1,18,18,22.4,12.3,1,0,0,0,0,0.636
48027021501,Bell,4,4,0,1.0,1,17,17,71.9,30.3,1,0,0,0,0,0.0
48123970202,Dewitt,8,8,0,1.0,1,17,17,1.1,0.8,1,0,0,0,0,0.0
48221160216,Hood,1,1,0,1.0,1,17,17,15.7,13.3,1,0,0,0,0,
48439100601,Tarrant,7,7,0,1.0,1,17,0,38.0,17.0,1,0,0,1,0,0.166
48493000600,Wilson,16,14,0,1.0,1,17,17,20.7,9.2,1,0,0,0,0,0.0
48287000100,Lee,22,22,0,1.0,1,16,16,7.4,3.9,1,0,0,1,0,0.0
48439104504,Tarrant,6,6,0,1.0,1,15,15,103.2,103.2,1,0,0,0,0,0.0
48185180304,Grimes,3,3,0,1.0,1,14,14,7.7,3.9,1,0,0,0,0,0.0
48473680301,Waller,7,7,0,1.0,1,14,14,11.8,4.9,1,1,0,0,0,0.028
48251130419,Johnson,10,8,0,1.0,1,12,12,11.9,4.7,1,0,0,1,0,0.0
48273020101,Kleberg,4,4,0,1.0,1,12,12,5.0,3.0,1,0,0,0,0,0.0
48091310603,Comal,5,5,0,1.0,1,11,0,8.1,3.8,1,1,0,0,0,0.0
48121021649,Denton,1,1,0,1.0,1,11,11,61.0,27.4,1,0,0,0,0,0.0
48015760400,Austin,5,5,0,1.0,1,10,0,3.9,3.9,1,0,0,0,0,0.0
48453033600,Travis,4,4,0,1.0,1,10,10,27.3,9.6,1,0,0,0,0,
48029161901,Bexar,3,3,0,1.0,1,9,9,13.7,3.5,1,1,0,0,0,0.247
48209010305,Hays,3,3,0,1.0,1,9,0,18.8,5.9,1,0,0,0,0,0.167
48251130417,Johnson,16,14,0,1.0,1,9,0,9.5,3.0,1,2,0,1,0,0.409
48097000100,Cooke,4,4,0,1.0,1,6,0,1.8,1.0,1,0,0,0,0,0.066
48029161802,Bexar,1,1,0,1.0,1,5,5,0.6,0.3,1,0,0,0,0,0.358
48091310611,Comal,3,3,0,1.0,1,4,0,3.8,1.4,2,0,0,0,1,0.0
48439106600,Tarrant,0,0,0,,1,3,0,18.0,2.0,1,0,0,0,0,0.0
48027021203,Bell,2,2,0,1.0,1,2,0,1.1,0.4,1,0,0,0,0,0.064
48187210716,Guadalupe,1,1,0,1.0,1,1,0,2.2,0.8,1,0,0,0,0,
48463950100,Uvalde,19,19,0,1.0,1,1,0,0.0,0.0,1,0,1,1,0,0.0
