GEOID,crossings_official,crossings_overture_30m,crossings_marked_ford_flood,flood_crossing_attribute_gap,road_gap
48001950100,1,1,0,1.0,0.0
48001950500,1,1,0,1.0,0.380573
48001950600,4,4,0,1.0,0.443843
48001950902,1,1,0,1.0,0.0
48005000102,1,1,0,1.0,0.246244
48007950101,1,0,0,1.0,0.0
48009020200,42,42,0,1.0,0.0
48009020300,24,24,0,1.0,0.105748
48013960102,11,11,0,1.0,0.060863
48013960203,9,9,0,1.0,0.0
48013960403,3,3,0,1.0,0.616692
48013960500,2,2,0,1.0,0.0
48013960601,1,1,0,1.0,0.481452
48013960602,3,3,0,1.0,0.0
48015760302,5,5,0,1.0,0.0
48015760400,5,5,0,1.0,0.0
48015760502,1,1,0,1.0,0.0
48019000101,9,7,0,1.0,0.0
48019000103,12,10,0,1.0,0.0
48019000104,6,6,0,1.0,0.464738
48019000200,67,57,0,1.0,0.0
48019000301,8,8,0,1.0,0.0
48019000302,9,9,0,1.0,0.0
48019000400,1,1,0,1.0,
48021950101,1,1,0,1.0,0.0
48021950202,1,1,0,1.0,0.261171
48021950301,1,1,0,1.0,0.077515
48021950401,8,8,0,1.0,0.090733
48021950403,1,1,0,1.0,0.311295
48021950503,1,1,0,1.0,0.085965
48021950601,1,1,0,1.0,0.0
48021950602,1,0,0,1.0,0.0
48021950804,1,1,0,1.0,0.0
48021950805,2,2,0,1.0,0.0
48021950806,2,2,0,1.0,
48023950302,9,7,0,1.0,0.386397
48025950100,11,10,0,1.0,0.0
48025950201,2,1,0,1.0,0.339589
48025950203,3,3,0,1.0,0.0
48025950204,4,4,0,1.0,0.080604
48025950300,2,2,0,1.0,0.0
48025950400,2,2,0,1.0,0.476733
48025950501,3,3,0,1.0,0.643952
48025950502,2,2,0,1.0,0.558674
48025950600,3,3,0,1.0,0.0
48027020101,1,1,0,1.0,0.0
48027020102,13,12,0,1.0,0.0
48027020203,1,1,0,1.0,0.538587
48027020204,7,7,0,1.0,0.15943
48027020301,2,2,0,1.0,0.314805
48027020302,2,2,0,1.0,0.042797
48027020401,1,1,0,1.0,0.0
48027020402,5,5,0,1.0,0.0
48027020500,2,2,0,1.0,0.240654
48027020900,1,1,0,1.0,0.421173
48027021000,1,1,0,1.0,0.517402
48027021203,2,2,0,1.0,0.063572
48027021301,1,1,0,1.0,
48027021400,5,5,0,1.0,0.0
48027021501,4,4,0,1.0,0.0
48027021502,1,1,0,1.0,0.0
48027021601,1,1,0,1.0,0.310677
48027021602,1,1,0,1.0,0.357451
48027021701,1,1,0,1.0,0.0
48027021801,2,2,0,1.0,0.301135
48027021802,2,2,0,1.0,0.0
48027021901,3,3,0,1.0,0.093507
48027022001,4,4,0,1.0,0.367292
48027022002,1,1,0,1.0,
48027022101,2,2,0,1.0,
48027022103,12,12,0,1.0,
48027022104,2,2,0,1.0,
48027022105,3,1,0,1.0,
48027022200,6,6,0,1.0,
48027022300,1,1,0,1.0,0.109984
48027022402,1,1,0,1.0,
48027022403,1,1,0,1.0,
48027022405,5,5,0,1.0,0.0
48027022406,1,1,0,1.0,0.0
48027022501,1,1,0,1.0,0.222218
48027022503,5,5,0,1.0,0.0
48027022504,4,4,0,1.0,
48027022600,12,11,0,1.0,0.144711
48027022801,9,9,0,1.0,
48027022900,6,6,0,1.0,0.569758
48027023001,2,2,0,1.0,0.0
48027023002,12,12,0,1.0,0.0
48027023103,2,2,0,1.0,0.406771
48027023104,2,2,0,1.0,0.193102
48027023109,4,4,0,1.0,
48027023110,3,3,0,1.0,0.0
48027023112,2,2,0,1.0,
48027023113,3,3,0,1.0,
48027023114,1,1,0,1.0,
48027023115,1,1,0,1.0,
48027023117,3,3,0,1.0,0.134205
48027023118,2,2,0,1.0,0.440588
48027023301,4,4,0,1.0,0.221982
48027023302,3,3,0,1.0,0.042517
48027023402,8,8,0,1.0,0.0
48027023404,9,9,0,1.0,0.0
48027023405,7,6,0,1.0,0.0
48027023406,11,11,0,1.0,0.0
48027023500,13,13,0,1.0,0.52193
48029120100,1,0,0,1.0,
48029120502,2,2,0,1.0,0.0
48029120601,1,1,0,1.0,0.0
48029120602,1,1,0,1.0,0.119811
48029120902,2,2,0,1.0,0.0
48029121000,1,1,0,1.0,0.0
48029121110,1,1,0,1.0,
48029121111,1,1,0,1.0,
48029121112,2,2,0,1.0,0.0
48029121116,1,1,0,1.0,0.0
48029121117,5,5,0,1.0,0.0
48029121119,1,0,0,1.0,0.0
48029121120,1,1,0,1.0,0.0
48029121203,1,1,0,1.0,0.0
48029121205,1,1,0,1.0,0.0
48029121206,2,2,0,1.0,
48029121300,3,2,0,1.0,0.0
48029121402,2,2,0,1.0,
48029121701,1,1,0,1.0,0.675154
48029121802,4,4,0,1.0,0.0
48029121804,1,1,0,1.0,
48029121908,2,2,0,1.0,0.370968
48029121912,1,1,0,1.0,
48029130800,3,3,0,1.0,0.0
48029130900,2,2,0,1.0,0.0
48029131100,1,1,0,1.0,0.0
48029131401,1,1,0,1.0,0.189427
48029131506,3,3,0,1.0,0.0
48029131601,3,3,0,1.0,0.289552
48029131615,1,1,0,1.0,0.0
48029131616,1,1,0,1.0,
48029131801,6,6,0,1.0,0.0
48029131802,7,7,0,1.0,0.02343
48029140700,2,2,0,1.0,0.0
48029140800,1,1,0,1.0,0.0
48029141101,1,1,0,1.0,0.0
48029141200,1,1,0,1.0,
48029141404,1,1,0,1.0,0.0
48029141700,9,9,0,1.0,0.132362
48029141800,3,3,0,1.0,0.002998
48029141900,5,5,0,1.0,0.267082
48029150800,3,3,0,1.0,0.499923
48029151200,1,0,0,1.0,0.014874
48029151302,1,1,0,1.0,0.0
48029151600,1,1,0,1.0,
48029151700,1,1,0,1.0,0.0
48029151900,3,2,0,1.0,0.061131
48029152000,1,1,0,1.0,0.381489
48029152100,11,11,0,1.0,0.557714
48029152201,4,4,0,1.0,0.087143
48029152202,4,4,0,1.0,0.0
48029160701,1,1,0,1.0,0.0
48029161000,1,1,0,1.0,0.180194
48029161303,1,1,0,1.0,
48029161600,1,1,0,1.0,0.189965
48029161801,1,1,0,1.0,0.192791
48029161802,1,1,0,1.0,0.35841
48029161901,3,3,0,1.0,0.246652
48029161902,22,21,0,1.0,0.439972
48029162001,6,6,0,1.0,0.377851
48029162003,3,3,0,1.0,0.473704
48029162004,10,10,0,1.0,0.0
48029171601,2,2,0,1.0,0.0
48029171700,3,3,0,1.0,0.0
48029171802,6,6,0,1.0,0.0
48029171903,1,1,0,1.0,0.0
48029171912,1,1,0,1.0,0.0
48029172002,1,1,0,1.0,0.064125
48029172004,3,3,0,1.0,
48029172005,1,1,0,1.0,0.0
48029172006,5,5,0,1.0,0.0
48029172009,1,1,0,1.0,0.0
48029180400,1,1,0,1.0,0.693864
48029180501,1,1,0,1.0,0.424523
48029180503,1,1,0,1.0,
48029180602,1,1,0,1.0,
48029180901,1,1,0,1.0,0.0
48029181200,3,3,0,1.0,
48029181301,4,4,0,1.0,
48029181402,1,1,0,1.0,0.0
48029181601,1,1,0,1.0,0.0
48029181724,1,1,0,1.0,0.0
48029181725,1,1,0,1.0,0.0
48029181726,2,2,0,1.0,0.0
48029181729,3,3,0,1.0,
48029181733,2,2,0,1.0,
48029181808,6,6,0,1.0,0.0
48029181811,1,1,0,1.0,0.513178
48029181817,1,1,0,1.0,0.0
48029181820,3,3,0,1.0,0.0
48029181824,1,0,0,1.0,0.0
48029181825,3,3,0,1.0,0.389692
48029181901,1,1,0,1.0,0.0
48029181902,3,3,0,1.0,0.0
48029182002,1,1,0,1.0,0.336383
48029182101,4,4,0,1.0,0.0
48029182102,2,2,0,1.0,0.122325
48029182103,10,9,0,1.0,0.597843
48029182105,1,1,0,1.0,0.011036
48029182106,4,4,0,1.0,0.365606
48029190503,2,2,0,1.0,
48029190901,1,1,0,1.0,0.0
48029190902,3,3,0,1.0,0.0
48029191303,1,1,0,1.0,0.0
48029191409,1,1,0,1.0,
48029191410,1,1,0,1.0,0.0
48029191413,1,1,0,1.0,
48029191701,1,1,0,1.0,0.0
48029191804,3,3,0,1.0,0.0
48029191807,3,2,0,1.0,0.0
48029191814,1,1,0,1.0,0.0
48029192000,1,1,0,1.0,0.116273
48029192200,5,5,0,1.0,0.421243
48029192300,2,2,0,1.0,0.0
48029980003,3,3,0,1.0,0.307842
48029980004,8,7,0,1.0,0.0
48031950101,14,11,0,1.0,0.321034
48031950102,30,29,0,1.0,0.0
48031950201,10,10,0,1.0,0.0
48031950202,24,24,0,1.0,0.0
48033950100,8,8,0,1.0,0.0
48035950100,4,4,0,1.0,0.0
48035950300,2,2,0,1.0,0.0
48035950400,4,3,0,1.0,0.0
48035950500,8,8,0,1.0,0.0
48035950700,1,1,0,1.0,0.0
48039662200,1,1,0,1.0,0.456926
48041000104,3,3,0,1.0,0.649434
48041000105,1,1,0,1.0,
48041000106,2,2,0,1.0,0.604706
48041000205,5,5,0,1.0,0.0
48041000207,1,1,0,1.0,0.22104
48041000302,3,3,0,1.0,0.557114
48041000401,4,4,0,1.0,0.394491
48041000501,1,1,0,1.0,0.654497
48041000603,1,1,0,1.0,0.274869
48041000605,1,0,0,1.0,
48041000606,3,1,0,1.0,
48041000800,4,4,0,1.0,0.0
48041000900,1,1,0,1.0,0.0
48041001002,2,2,0,1.0,0.0
48041001101,3,3,0,1.0,0.0
48041001303,1,1,0,1.0,0.336143
48041001604,1,1,0,1.0,0.0
48041001605,1,1,0,1.0,
48041001606,1,1,0,1.0,0.0
48041001607,2,2,0,1.0,0.380571
48041001608,1,1,0,1.0,
48041001803,1,1,0,1.0,
48041001901,1,1,0,1.0,0.0
48041002001,2,2,0,1.0,0.091783
48041002016,3,3,0,1.0,0.0
48041002019,1,1,0,1.0,0.0
48047950100,2,2,0,1.0,0.0
48047950200,2,2,0,1.0,0.165315
48049950100,3,3,0,1.0,0.0
48049950201,4,4,0,1.0,0.0
48049950202,7,7,0,1.0,0.0
48049950300,9,8,0,1.0,0.206711
48049950500,8,8,0,1.0,0.0
48049950600,1,1,0,1.0,0.484396
48049950700,9,9,0,1.0,0.089337
48049950800,4,4,0,1.0,0.0
48049951000,1,1,0,1.0,
48049951100,5,5,0,1.0,0.0
48049951300,5,4,0,1.0,0.0
48051970201,3,3,0,1.0,0.073777
48051970300,1,1,0,1.0,0.475699
48051970502,1,1,0,1.0,0.0
48053960101,10,10,0,1.0,0.0
48053960102,3,3,0,1.0,0.0
48053960200,15,15,0,1.0,0.0
48053960301,4,4,0,1.0,0.456563
48053960302,7,7,0,1.0,0.305535
48053960401,1,1,0,1.0,0.0
48053960402,4,4,0,1.0,0.0
48053960600,7,6,0,1.0,0.0
48053960701,23,23,0,1.0,0.0
48053960702,7,7,0,1.0,0.0
48053960802,11,10,0,1.0,0.032252
48053960803,6,6,0,1.0,
48055960102,5,5,0,1.0,0.0
48055960104,5,5,0,1.0,0.571421
48055960200,1,1,0,1.0,0.119797
48055960400,4,4,0,1.0,0.044202
48055960501,11,11,0,1.0,0.41842
48055960502,6,6,0,1.0,0.35905
48055960600,13,13,0,1.0,0.0
48057000100,2,1,0,1.0,0.150558
48059030102,7,7,0,1.0,0.0
48059030200,10,10,0,1.0,0.0
48061010201,1,1,0,1.0,0.0
48061012002,1,1,0,1.0,0.0
48063950101,1,1,0,1.0,0.0
48073950202,1,1,0,1.0,0.579605
48073950600,2,2,0,1.0,0.553517
48073950700,5,5,0,1.0,0.205878
48073951100,2,2,0,1.0,0.401163
48077030302,23,21,0,1.0,0.0
48081950100,28,27,0,1.0,0.0
48081950200,23,19,0,1.0,0.0
48083950300,18,18,0,1.0,0.491782
48083950600,4,4,0,1.0,0.208725
48083950700,8,8,0,1.0,0.0
48085030201,2,2,0,1.0,0.094582
48085030202,2,2,0,1.0,0.0
48085030304,3,3,0,1.0,0.0
48085030306,2,2,0,1.0,0.0
48085030403,2,2,0,1.0,0.0
48085030410,1,1,0,1.0,0.0
48085030511,1,1,0,1.0,0.0
48085030517,1,1,0,1.0,
48085030608,1,1,0,1.0,0.0
48085030802,1,1,0,1.0,0.233979
48085031201,1,0,0,1.0,0.0
48085031202,2,2,0,1.0,0.0
48085031320,2,2,0,1.0,0.0
48085031321,2,1,0,1.0,0.0
48085031323,1,1,0,1.0,
48085031324,1,1,0,1.0,
48085031332,1,0,0,1.0,
48085031418,1,1,0,1.0,0.0
48085031419,1,1,0,1.0,
48085031422,1,1,0,1.0,
48085031504,1,1,0,1.0,
48085031508,1,1,0,1.0,0.0
48085031511,1,1,0,1.0,0.0
48085031611,1,1,0,1.0,0.0
48085031622,1,1,0,1.0,0.0
48085031625,2,2,0,1.0,
48085031626,1,1,0,1.0,
48085031627,2,2,0,1.0,
48085031628,2,2,0,1.0,
48085031641,1,1,0,1.0,
48085031643,2,2,0,1.0,
48085031661,1,0,0,1.0,0.0
48085031665,1,1,0,1.0,0.0
48085031676,1,1,0,1.0,0.0
48085031704,1,1,0,1.0,0.0
48085031706,1,1,0,1.0,0.0
48085031708,1,1,0,1.0,0.047697
48085031715,1,1,0,1.0,0.273911
48085031718,1,1,0,1.0,
48085031807,1,1,0,1.0,0.0
48085031809,2,2,0,1.0,0.0
48085031815,1,1,0,1.0,0.0
48085031816,1,1,0,1.0,0.0
48085032003,1,1,0,1.0,
48085032012,1,1,0,1.0,
48085032014,1,1,0,1.0,
48085032015,4,4,0,1.0,
48089750200,5,5,0,1.0,0.103014
48089750300,1,1,0,1.0,0.0
48089750400,8,8,0,1.0,0.0
48091310100,3,3,0,1.0,0.147113
48091310200,2,2,0,1.0,0.0
48091310301,1,1,0,1.0,0.67491
48091310302,4,4,0,1.0,0.576339
48091310401,2,2,0,1.0,0.0
48091310404,3,3,0,1.0,0.0
48091310405,1,1,0,1.0,0.0
48091310406,1,1,0,1.0,0.0
48091310502,1,1,0,1.0,0.0
48091310503,1,1,0,1.0,0.0
48091310603,5,5,0,1.0,0.0
48091310604,1,1,0,1.0,
48091310608,1,0,0,1.0,
48091310609,3,2,0,1.0,0.346087
48091310610,6,6,0,1.0,0.527628
48091310611,3,3,0,1.0,0.0
48091310613,1,1,0,1.0,
48091310614,2,2,0,1.0,0.0
48091310702,3,3,0,1.0,0.061567
48091310703,3,3,0,1.0,0.0
48091310705,1,1,0,1.0,0.117731
48091310706,9,7,0,1.0,0.0
48091310707,1,1,0,1.0,0.143585
48091310708,1,1,0,1.0,0.0
48091310801,15,15,0,1.0,0.0
48091310803,6,6,0,1.0,0.0
48091310804,4,3,0,1.0,0.0
48091310901,8,8,0,1.0,0.0
48091310903,7,7,0,1.0,0.352032
48091310904,2,2,0,1.0,0.0
48091310905,16,16,0,1.0,0.105432
48093950102,2,2,0,1.0,0.0
48093950200,9,8,0,1.0,0.138597
48093950300,3,3,0,1.0,0.405651
48093950400,6,5,0,1.0,0.0
48095950300,20,20,0,1.0,0.0
48097000100,4,4,0,1.0,0.066015
48097000200,20,20,0,1.0,0.0
48097000701,7,7,0,1.0,
48097000702,3,3,0,1.0,
48097000900,11,11,0,1.0,0.0
48097001100,1,1,0,1.0,0.0
48099010101,10,9,0,1.0,0.0
48099010102,3,3,0,1.0,0.0
48099010202,2,2,0,1.0,0.0
48099010400,3,3,0,1.0,0.198389
48099010603,1,1,0,1.0,
48099010702,2,2,0,1.0,0.824231
48099010802,5,5,0,1.0,0.0
48099010804,1,1,0,1.0,0.303121
48099980000,3,3,0,1.0,0.0
48105950100,214,159,0,1.0,0.073117
48107950100,2,2,0,1.0,0.0
48107950200,3,3,0,1.0,0.056194
48113000201,4,4,0,1.0,
48113000401,1,1,0,1.0,0.0
48113000409,1,1,0,1.0,
48113000605,1,1,0,1.0,
48113000606,2,2,0,1.0,
48113000611,1,1,0,1.0,0.0
48113001202,1,1,0,1.0,0.424147
48113002703,1,1,0,1.0,0.257863
48113003700,1,1,0,1.0,0.632996
48113004201,1,1,0,1.0,0.0
48113004400,1,1,0,1.0,0.0
48113004500,2,2,0,1.0,0.0
48113004800,2,2,0,1.0,0.233095
48113005000,2,2,0,1.0,0.0
48113005100,2,2,0,1.0,
48113005400,1,1,0,1.0,0.0
48113005500,1,1,0,1.0,
48113006200,2,2,0,1.0,0.275211
48113006702,3,3,0,1.0,0.0
48113006800,1,1,0,1.0,0.0
48113007809,1,1,0,1.0,0.0
48113007824,1,1,0,1.0,
48113007827,1,1,0,1.0,
48113007833,1,1,0,1.0,
48113007902,4,4,0,1.0,0.0
48113008000,12,12,0,1.0,0.0
48113008101,1,1,0,1.0,0.677955
48113008200,4,4,0,1.0,0.524018
48113008402,2,2,0,1.0,0.0
48113008500,3,3,0,1.0,0.0
48113008604,1,1,0,1.0,
48113008701,2,2,0,1.0,0.201056
48113008802,3,3,0,1.0,
48113009101,2,2,0,1.0,0.307484
48113009104,2,2,0,1.0,0.0
48113009105,2,2,0,1.0,0.592017
48113009301,1,1,0,1.0,0.0
48113009609,2,2,0,1.0,
48113009702,1,1,0,1.0,
48113009900,6,6,0,1.0,0.0
48113010101,1,1,0,1.0,
48113010701,3,2,0,1.0,0.0
48113010704,1,1,0,1.0,0.0
48113010804,1,1,0,1.0,
48113010805,1,1,0,1.0,
48113011101,1,1,0,1.0,0.0
48113011104,1,1,0,1.0,0.0
48113011201,1,1,0,1.0,0.070494
48113011300,1,1,0,1.0,0.070366
48113011401,2,2,0,1.0,0.0
48113011500,3,3,0,1.0,0.0
48113011603,1,1,0,1.0,0.0
48113011604,1,1,0,1.0,0.0
48113011701,1,1,0,1.0,0.0
48113011901,1,1,0,1.0,
48113012000,1,1,0,1.0,0.046888
48113012208,1,1,0,1.0,0.373514
48113012209,2,2,0,1.0,0.0
48113012210,1,1,0,1.0,0.0
48113012212,2,2,0,1.0,0.25119
48113012213,2,2,0,1.0,
48113012400,3,3,0,1.0,0.0
48113012900,6,6,0,1.0,0.0
48113013011,1,1,0,1.0,0.0
48113013013,3,3,0,1.0,0.0
48113013101,1,1,0,1.0,0.0
48113013102,1,1,0,1.0,
48113013202,1,1,0,1.0,0.0
48113013605,1,1,0,1.0,
48113013606,1,1,0,1.0,0.0
48113013607,2,2,0,1.0,
48113013610,1,1,0,1.0,0.0
48113013611,1,1,0,1.0,0.0
48113013617,1,1,0,1.0,0.102781
48113013619,2,2,0,1.0,0.0
48113013719,1,1,0,1.0,0.0
48113013720,2,2,0,1.0,0.0
48113013721,2,2,0,1.0,0.0
48113013722,1,1,0,1.0,0.0
48113013728,2,2,0,1.0,
48113013729,1,1,0,1.0,0.254309
48113013804,2,2,0,1.0,0.0
48113013807,3,3,0,1.0,
48113013901,2,2,0,1.0,0.318128
48113013902,2,2,0,1.0,
48113014001,1,1,0,1.0,0.0
48113014002,1,1,0,1.0,0.0
48113014153,1,1,0,1.0,0.0
48113014160,1,1,0,1.0,0.0
48113014306,1,1,0,1.0,0.0
48113014314,1,1,0,1.0,
48113014406,1,1,0,1.0,0.0
48113014407,1,1,0,1.0,0.0
48113014408,2,2,0,1.0,
48113014704,4,4,0,1.0,0.0
48113014903,1,1,0,1.0,0.293276
48113015002,3,3,0,1.0,0.0
48113015101,1,1,0,1.0,
48113015102,1,1,0,1.0,
48113015205,3,3,0,1.0,0.0
48113015206,3,3,0,1.0,
48113015304,1,1,0,1.0,0.0
48113015404,1,1,0,1.0,0.148938
48113015405,1,1,0,1.0,0.0
48113015406,1,1,0,1.0,0.0
48113015500,5,5,0,1.0,0.0
48113016002,1,1,0,1.0,
48113016100,4,4,0,1.0,0.193296
48113016201,3,2,0,1.0,
48113016302,1,1,0,1.0,
48113016410,1,0,0,1.0,0.0
48113016412,1,1,0,1.0,0.0
48113016415,1,1,0,1.0,
48113016419,2,2,0,1.0,0.007659
48113016513,4,4,0,1.0,
48113016516,1,1,0,1.0,0.0
48113016521,1,1,0,1.0,0.0
48113016530,1,1,0,1.0,0.0
48113016532,1,1,0,1.0,0.0
48113016533,2,2,0,1.0,0.0
48113016617,1,1,0,1.0,
48113016618,1,0,0,1.0,
48113016619,2,2,0,1.0,
48113016620,1,1,0,1.0,0.0
48113016622,1,1,0,1.0,0.0
48113016627,1,1,0,1.0,0.0
48113016628,1,1,0,1.0,
48113016636,1,1,0,1.0,0.0
48113016637,1,1,0,1.0,0.0
48113016638,2,2,0,1.0,0.0
48113016709,2,2,0,1.0,0.0
48113016711,1,1,0,1.0,0.012434
48113016802,6,6,0,1.0,0.057365
48113016803,6,6,0,1.0,0.0
48113016805,1,1,0,1.0,0.0
48113016902,12,12,0,1.0,0.0
48113016903,10,9,0,1.0,0.0
48113017006,1,1,0,1.0,0.190879
48113017008,6,6,0,1.0,0.0
48113017010,1,1,0,1.0,0.0
48113017101,5,5,0,1.0,0.0
48113017201,5,5,0,1.0,0.0
48113017204,3,3,0,1.0,0.0
48113017311,1,1,0,1.0,0.0
48113017314,2,2,0,1.0,0.0
48113017400,2,2,0,1.0,0.0
48113017500,1,1,0,1.0,0.36494
48113017602,1,1,0,1.0,0.0
48113017606,1,1,0,1.0,0.0
48113017704,1,1,0,1.0,0.0
48113017805,6,5,0,1.0,0.0
48113017806,1,1,0,1.0,0.0
48113017814,3,3,0,1.0,0.0
48113017816,8,8,0,1.0,0.0
48113017820,1,1,0,1.0,0.0
48113018001,2,2,0,1.0,0.0
48113018105,4,4,0,1.0,0.0
48113018110,1,1,0,1.0,
48113018121,1,1,0,1.0,0.0
48113018129,1,1,0,1.0,0.0
48113018133,5,5,0,1.0,0.0
48113018138,1,1,0,1.0,0.0
48113018143,2,2,0,1.0,0.0
48113018144,4,4,0,1.0,
48113018151,2,2,0,1.0,0.0
48113018154,3,3,0,1.0,0.0
48113018155,3,3,0,1.0,0.0
48113018156,1,1,0,1.0,0.272422
48113018158,2,2,0,1.0,0.0
48113018204,1,1,0,1.0,0.0
48113018205,1,1,0,1.0,
48113018300,3,3,0,1.0,0.0
48113018401,3,3,0,1.0,0.0
48113018402,3,3,0,1.0,
48113018501,5,5,0,1.0,0.0
48113018600,2,2,0,1.0,0.0
48113018802,1,1,0,1.0,0.0
48113018900,1,1,0,1.0,
48113019013,3,3,0,1.0,
48113019019,1,1,0,1.0,
48113019020,1,1,0,1.0,
48113019023,3,3,0,1.0,
48113019027,1,1,0,1.0,0.0
48113019031,2,2,0,1.0,
48113019036,1,1,0,1.0,
48113019039,1,1,0,1.0,
48113019040,3,3,0,1.0,0.0
48113019042,2,2,0,1.0,0.0
48113019047,1,1,0,1.0,
48113019050,2,1,0,1.0,0.0
48113019051,2,2,0,1.0,0.0
48113019053,1,1,0,1.0,0.0
48113019101,2,2,0,1.0,0.0
48113019102,3,3,0,1.0,
48113019202,1,1,0,1.0,0.0
48113019203,1,1,0,1.0,0.0
48113019205,2,2,0,1.0,
48113019215,3,3,0,1.0,
48113019216,4,4,0,1.0,
48113019400,3,3,0,1.0,
48113019700,3,3,0,1.0,
48113020100,4,3,0,1.0,0.0
48113020200,3,3,0,1.0,0.063109
48113020600,3,3,0,1.0,0.0
48113020700,3,3,0,1.0,
48113020800,5,5,0,1.0,0.0
48113021000,2,2,0,1.0,0.0
48113021100,4,4,0,1.0,0.0
48113021200,2,2,0,1.0,0.0
48113980000,1,1,0,1.0,0.0
48115950402,1,1,0,1.0,0.393331
48115950500,11,11,0,1.0,0.706472
48115950600,6,6,0,1.0,0.0
48119950100,11,11,0,1.0,0.0
48121020116,1,1,0,1.0,0.0
48121020121,1,0,0,1.0,0.0
48121020128,7,5,0,1.0,0.181269
48121020129,4,4,0,1.0,0.0
48121020204,1,1,0,1.0,0.0
48121020205,3,3,0,1.0,
48121020206,2,2,0,1.0,0.0
48121020207,1,1,0,1.0,0.0
48121020208,3,3,0,1.0,
48121020305,1,1,0,1.0,0.0
48121020310,1,1,0,1.0,0.0
48121020312,1,1,0,1.0,0.0
48121020313,3,3,0,1.0,
48121020315,4,4,0,1.0,0.0
48121020316,2,2,0,1.0,0.0
48121020318,3,3,0,1.0,0.191167
48121020402,4,4,0,1.0,0.33343
48121020403,8,8,0,1.0,0.273321
48121020405,5,5,0,1.0,0.188975
48121020505,2,2,0,1.0,0.475927
48121020601,3,2,0,1.0,0.687015
48121020603,1,1,0,1.0,
48121020700,1,1,0,1.0,0.0
48121020800,6,4,0,1.0,0.0
48121021100,3,3,0,1.0,0.053029
48121021203,1,1,0,1.0,0.0
48121021412,2,2,0,1.0,0.272651
48121021414,1,1,0,1.0,0.610881
48121021418,1,1,0,1.0,0.0
48121021419,1,1,0,1.0,0.0
48121021512,1,1,0,1.0,
48121021614,1,1,0,1.0,
48121021615,1,1,0,1.0,
48121021616,1,1,0,1.0,
48121021618,3,3,0,1.0,0.0
48121021631,1,1,0,1.0,
48121021637,2,2,0,1.0,0.0
48121021645,1,0,0,1.0,0.245829
48121021649,1,1,0,1.0,0.0
48121021716,3,3,0,1.0,0.0
48121021721,1,1,0,1.0,
48121021724,1,1,0,1.0,
48121021727,1,1,0,1.0,
48121021750,1,1,0,1.0,
48121021900,1,1,0,1.0,
48123970100,3,3,0,1.0,0.0
48123970202,8,8,0,1.0,0.0
48123970300,3,3,0,1.0,0.0
48123970400,6,6,0,1.0,0.017989
48123970500,4,4,0,1.0,0.0
48125950300,3,3,0,1.0,0.0
48127950201,5,5,0,1.0,0.287308
48127950202,1,1,0,1.0,0.0
48127950400,1,1,0,1.0,0.0
48131950500,1,1,0,1.0,0.0
48133950100,1,1,0,1.0,0.0
48133950201,1,1,0,1.0,0.0
48133950302,2,2,0,1.0,0.0
48133950400,3,3,0,1.0,0.0
48133950500,5,5,0,1.0,0.0
48137950300,52,46,0,1.0,0.0
48139060103,1,1,0,1.0,
48139060104,2,2,0,1.0,0.0
48139060105,10,10,0,1.0,0.0
48139060106,3,3,0,1.0,0.0
48139060206,1,1,0,1.0,0.0
48139060211,1,1,0,1.0,0.0
48139060215,1,1,0,1.0,0.0
48139060217,3,3,0,1.0,0.0
48139060219,1,1,0,1.0,0.058155
48139060702,1,1,0,1.0,0.0
48139060704,1,1,0,1.0,0.0
48139060900,8,8,0,1.0,
48139061000,8,7,0,1.0,0.0
48139061100,1,1,0,1.0,0.0
48139061200,4,4,0,1.0,0.0
48139061300,4,4,0,1.0,0.0
48139061402,1,1,0,1.0,0.0
48139061700,7,7,0,1.0,0.0
48143950100,14,12,0,1.0,0.0
48143950201,3,3,0,1.0,0.0
48143950203,5,5,0,1.0,0.0
48143950204,7,7,0,1.0,0.0
48143950301,1,1,0,1.0,0.0
48143950302,17,17,0,1.0,0.053388
48143950401,1,1,0,1.0,0.727821
48143950402,2,2,0,1.0,0.367831
48143950501,2,2,0,1.0,0.38437
48143950600,2,1,0,1.0,0.473972
48143950700,6,6,0,1.0,0.0
48145000200,15,15,0,1.0,0.031984
48145000500,11,11,0,1.0,0.0
48145000700,1,1,0,1.0,0.0
48145000800,8,8,0,1.0,0.0
48147950100,1,1,0,1.0,0.0
48147950300,4,4,0,1.0,0.0
48147950401,10,10,0,1.0,0.67952
48147950402,6,6,0,1.0,0.320101
48147950600,4,4,0,1.0,0.323996
48147950702,2,2,0,1.0,0.144774
48147950800,1,1,0,1.0,0.0
48149970100,2,2,0,1.0,0.0
48149970200,2,2,0,1.0,0.0
48149970400,4,4,0,1.0,0.0
48149970500,9,9,0,1.0,0.0
48149970601,1,1,0,1.0,0.0
48149970602,2,2,0,1.0,0.113803
48149970700,3,3,0,1.0,0.0
48151950300,1,1,0,1.0,0.0
48151950400,3,3,0,1.0,0.0
48155950100,4,4,0,1.0,0.0
48157670700,2,2,0,1.0,0.0
48157670803,1,1,0,1.0,
48157670902,1,1,0,1.0,0.0
48157672902,1,1,0,1.0,0.0
48157673108,2,2,0,1.0,0.0
48157673202,1,1,0,1.0,
48157673401,1,1,0,1.0,0.0
48157675200,1,1,0,1.0,0.606391
48157675300,1,1,0,1.0,0.627589
48157675600,2,2,0,1.0,0.0
48159950101,3,3,0,1.0,0.056516
48159950102,2,2,0,1.0,0.0
48161000400,2,2,0,1.0,0.0
48163950101,3,3,0,1.0,0.0
48163950102,5,5,0,1.0,0.0
48163950201,2,2,0,1.0,0.0
48163950202,5,5,0,1.0,0.0
48163950301,14,14,0,1.0,0.0
48163950302,2,2,0,1.0,0.497976
48167720200,1,1,0,1.0,
48167720302,3,2,0,1.0,
48167720601,2,2,0,1.0,0.0
48167720605,2,2,0,1.0,
48167720800,2,2,0,1.0,0.18277
48167720900,2,2,0,1.0,0.0
48167721101,1,1,0,1.0,
48167723300,2,2,0,1.0,0.146074
48167723402,3,3,0,1.0,
48167723403,4,4,0,1.0,0.0
48169950102,11,2,0,1.0,0.0
48171950100,44,43,0,1.0,0.0
48171950200,30,28,0,1.0,0.0
48171950301,15,14,0,1.0,0.380652
48171950302,17,14,0,1.0,0.0
48171950401,1,1,0,1.0,0.205923
48171950402,4,4,0,1.0,0.258848
48171950500,11,9,0,1.0,0.184691
48173950100,6,6,0,1.0,0.0
48175960100,5,5,0,1.0,0.058547
48175960200,7,7,0,1.0,0.0
48177000100,22,21,0,1.0,0.140364
48177000200,10,10,0,1.0,0.280454
48177000300,5,5,0,1.0,0.778537
48177000500,4,4,0,1.0,0.241199
48177000600,15,15,0,1.0,0.070951
48181000304,2,2,0,1.0,0.0
48181000600,1,1,0,1.0,0.483205
48181000901,2,2,0,1.0,0.0
48181000904,1,1,0,1.0,0.0
48181001400,1,1,0,1.0,0.127821
48181001801,2,2,0,1.0,0.0
48181001902,1,1,0,1.0,0.0
48183010700,1,1,0,1.0,0.368374
48185180101,2,2,0,1.0,0.0
48185180102,3,3,0,1.0,0.0
48185180201,2,2,0,1.0,0.363773
48185180202,4,3,0,1.0,0.0
48185180303,1,1,0,1.0,0.0
48185180304,3,3,0,1.0,0.0
48187210200,1,1,0,1.0,0.205165
48187210300,3,3,0,1.0,0.634379
48187210505,10,10,0,1.0,0.0
48187210506,36,36,0,1.0,0.032
48187210508,23,23,0,1.0,0.164216
48187210509,5,5,0,1.0,0.715053
48187210511,19,19,0,1.0,0.261421
48187210603,7,7,0,1.0,0.0
48187210606,5,5,0,1.0,0.317996
48187210608,9,9,0,1.0,0.770445
48187210610,1,1,0,1.0,
48187210612,7,7,0,1.0,0.0
48187210705,1,1,0,1.0,
48187210707,2,2,0,1.0,0.0
48187210712,3,3,0,1.0,
48187210713,1,1,0,1.0,0.0
48187210716,1,1,0,1.0,
48187210718,6,6,0,1.0,
48187210803,17,17,0,1.0,0.0
48187210804,31,31,0,1.0,0.008995
48187210805,8,8,0,1.0,0.0
48187210806,1,1,0,1.0,0.134106
48187210902,8,8,0,1.0,0.0
48187210903,23,23,0,1.0,0.135849
48187210904,8,8,0,1.0,0.352689
48187210905,2,2,0,1.0,0.0
48193950100,4,4,0,1.0,0.0
48193950200,13,12,0,1.0,0.0
48193950300,10,10,0,1.0,0.424869
48201211200,1,1,0,1.0,0.0
48201211700,2,2,0,1.0,0.0
48201221702,1,1,0,1.0,0.0
48201231200,2,1,0,1.0,
48201231700,2,1,0,1.0,0.347231
48201232600,2,1,0,1.0,0.0
48201240400,6,5,0,1.0,0.0
48201240706,1,0,0,1.0,0.0
48201250102,1,0,0,1.0,
48201251401,1,1,0,1.0,
48201251402,1,1,0,1.0,
48201252400,1,1,0,1.0,0.0
48201252500,1,0,0,1.0,0.129008
48201320902,1,1,0,1.0,0.0
48201321002,1,0,0,1.0,0.220822
48201324101,1,1,0,1.0,0.0
48201324102,1,0,0,1.0,0.286573
48201330400,2,2,0,1.0,
48201332900,1,1,0,1.0,0.048412
48201333203,2,2,0,1.0,0.0
48201333302,3,3,0,1.0,0.0
48201334001,1,1,0,1.0,0.0
48201334003,1,1,0,1.0,0.332751
48201340202,1,0,0,1.0,0.0
48201341400,1,1,0,1.0,0.0
48201342001,1,1,0,1.0,
48201342100,1,0,0,1.0,0.0
48201342400,1,1,0,1.0,0.165314
48201343601,1,1,0,1.0,0.0
48201350101,1,1,0,1.0,
48201350500,1,0,0,1.0,0.0
48201350804,1,0,0,1.0,0.0
48201453702,1,1,0,1.0,
48201510301,2,2,0,1.0,0.10205
48201530800,2,2,0,1.0,0.0
48201533500,1,1,0,1.0,0.0
48201533600,1,1,0,1.0,0.0
48201542800,1,1,0,1.0,
48201543100,2,1,0,1.0,0.17334
48201553803,1,0,0,1.0,
48201554803,2,2,0,1.0,
48201554804,3,3,0,1.0,0.0
48201555301,1,1,0,1.0,
48201555401,1,1,0,1.0,
48201555404,1,1,0,1.0,0.0
48201555501,1,0,0,1.0,0.0
48201555503,1,1,0,1.0,0.0
48201555600,4,3,0,1.0,0.0
48201556000,6,3,0,1.0,0.30652
48207950300,12,12,0,1.0,0.0
48207950400,2,2,0,1.0,0.0
48209010302,1,1,0,1.0,0.206314
48209010305,3,3,0,1.0,0.166652
48209010306,4,4,0,1.0,0.0
48209010309,2,2,0,1.0,0.0
48209010401,3,3,0,1.0,0.0
48209010402,12,12,0,1.0,0.0
48209010500,3,3,0,1.0,0.0
48209010602,2,2,0,1.0,
48209010603,13,13,0,1.0,0.0
48209010703,1,1,0,1.0,0.806003
48209010704,4,4,0,1.0,0.60584
48209010806,8,8,0,1.0,0.0
48209010807,20,20,0,1.0,0.0
48209010809,16,15,0,1.0,0.690488
48209010810,11,11,0,1.0,
48209010811,22,22,0,1.0,
48209010812,19,18,0,1.0,
48209010813,8,8,0,1.0,
48209010814,3,3,0,1.0,
48209010815,1,1,0,1.0,0.0
48209010816,4,4,0,1.0,0.49349
48209010817,31,31,0,1.0,0.503604
48209010818,18,17,0,1.0,
48209010905,3,2,0,1.0,0.0
48209010911,1,1,0,1.0,
48209010912,11,11,0,1.0,0.0
48209010913,4,3,0,1.0,0.0
48209010914,2,2,0,1.0,
48209010915,2,2,0,1.0,
48209010916,15,15,0,1.0,0.189467
48209010917,3,3,0,1.0,0.06355
48209010919,6,6,0,1.0,0.0
48209010920,5,5,0,1.0,0.690133
48209010921,4,4,0,1.0,0.360446
48209010922,9,9,0,1.0,0.0
48209010923,17,16,0,1.0,0.0
48209010925,2,2,0,1.0,0.0
48213950700,1,1,0,1.0,0.0
48213950802,1,1,0,1.0,0.392104
48213950902,1,1,0,1.0,0.238107
48213951000,1,1,0,1.0,0.669335
48213951201,6,4,0,1.0,0.441663
48213951300,2,2,0,1.0,0.589041
48213951402,1,1,0,1.0,0.0
48215023516,2,2,0,1.0,0.0
48215023524,1,1,0,1.0,0.0
48215023525,6,6,0,1.0,
48215023530,3,3,0,1.0,0.0
48215024404,3,3,0,1.0,0.0
48215024600,2,2,0,1.0,0.0
48217960100,2,2,0,1.0,0.0
48217960200,1,1,0,1.0,0.0
48217960501,3,3,0,1.0,0.0
48217960502,1,1,0,1.0,0.0
48217960700,1,1,0,1.0,0.443609
48217960900,3,3,0,1.0,0.578339
48221160100,4,4,0,1.0,0.097088
48221160204,4,4,0,1.0,0.300573
48221160212,1,1,0,1.0,0.583093
48221160216,1,1,0,1.0,
48221160217,3,3,0,1.0,0.553328
48221160302,8,8,0,1.0,0.0
48221160303,6,6,0,1.0,0.030849
48223950100,1,1,0,1.0,0.0
48223950200,5,5,0,1.0,0.0
48223950302,1,1,0,1.0,0.21181
48223950800,1,1,0,1.0,0.0
48225950101,3,3,0,1.0,0.686131
48225950102,3,3,0,1.0,0.0
48225950200,3,3,0,1.0,0.236971
48225950500,8,8,0,1.0,0.204992
48225950600,2,2,0,1.0,0.0
48225950700,6,6,0,1.0,0.0
48227950100,18,18,0,1.0,0.0
48227950200,16,16,0,1.0,0.0
48227950400,8,8,0,1.0,0.163453
48227950500,2,2,0,1.0,0.555229
48227950600,1,1,0,1.0,0.0
48227950700,1,1,0,1.0,
48227950801,9,4,0,1.0,0.0
48227950900,7,7,0,1.0,0.0
48231960700,4,4,0,1.0,0.145403
48231961300,2,2,0,1.0,0.189281
48231961401,1,1,0,1.0,0.294629
48231961501,1,1,0,1.0,0.1381
48231961502,1,0,0,1.0,0.229055
48231961503,1,1,0,1.0,0.409475
48235950100,28,26,0,1.0,0.0
48237950300,6,4,0,1.0,0.767375
48239950100,5,3,0,1.0,0.0
48239950300,2,2,0,1.0,0.119268
48247950400,1,1,0,1.0,0.0
48249950101,4,4,0,1.0,0.010798
48249950201,2,2,0,1.0,0.219054
48249950202,2,2,0,1.0,0.074533
48249950301,1,1,0,1.0,
48249950303,1,0,0,1.0,0.600211
48249950400,2,0,0,1.0,0.0
48249950500,2,2,0,1.0,0.247968
48251130100,8,7,0,1.0,0.0
48251130210,10,9,0,1.0,0.113389
48251130211,10,7,0,1.0,0.198281
48251130212,29,27,0,1.0,0.0
48251130213,8,8,0,1.0,0.0
48251130214,6,4,0,1.0,0.404036
48251130215,17,10,0,1.0,0.0
48251130218,1,1,0,1.0,0.522514
48251130219,5,4,0,1.0,0.0
48251130220,6,6,0,1.0,0.013666
48251130222,5,5,0,1.0,0.0
48251130302,1,1,0,1.0,0.0
48251130303,12,11,0,1.0,0.540063
48251130304,2,2,0,1.0,0.439202
48251130405,36,30,0,1.0,
48251130406,20,16,0,1.0,0.0
48251130411,14,8,0,1.0,
48251130412,19,18,0,1.0,0.0
48251130413,8,7,0,1.0,0.0
48251130414,21,11,0,1.0,0.531243
48251130415,41,23,0,1.0,0.423733
48251130416,8,5,0,1.0,0.0
48251130417,16,14,0,1.0,0.408933
48251130419,10,8,0,1.0,0.0
48251130501,46,37,0,1.0,0.020977
48251130502,22,19,0,1.0,0.0
48251130602,3,3,0,1.0,0.0
48251130603,2,2,0,1.0,0.314568
48251130604,2,2,0,1.0,0.104519
48251130900,1,1,0,1.0,0.090832
48251131000,3,3,0,1.0,
48251131100,2,2,0,1.0,0.544018
48253020101,2,0,0,1.0,0.072139
48253020300,1,1,0,1.0,0.0
48253020400,2,2,0,1.0,0.0
48253020500,5,5,0,1.0,0.0
48255970100,6,6,0,1.0,0.0
48255970200,5,5,0,1.0,0.0
48255970301,6,6,0,1.0,0.203843
48255970302,3,3,0,1.0,0.456936
48255970400,1,1,0,1.0,0.0
48257050204,1,1,0,1.0,
48257050300,2,2,0,1.0,0.651849
48257050500,2,2,0,1.0,0.347493
48257050601,2,2,0,1.0,0.0
48257050602,3,3,0,1.0,0.0
48257050701,5,5,0,1.0,0.0
48257050704,1,1,0,1.0,0.218935
48257050801,2,2,0,1.0,0.0
48257051201,3,3,0,1.0,0.0
48257051302,1,1,0,1.0,0.0
48259970101,12,11,0,1.0,0.021447
48259970102,11,11,0,1.0,0.0
48259970301,9,9,0,1.0,0.402579
48259970302,8,8,0,1.0,0.566677
48259970404,1,1,0,1.0,0.0
48259970405,2,2,0,1.0,0.0
48259970406,3,3,0,1.0,0.25411
48259970500,11,11,0,1.0,0.119994
48263950100,4,3,0,1.0,0.0
48265960101,7,7,0,1.0,0.055317
48265960102,15,15,0,1.0,0.508968
48265960200,4,4,0,1.0,0.0
48265960301,51,51,0,1.0,0.324944
48265960304,28,26,0,1.0,0.0
48265960403,1,1,0,1.0,0.740851
48265960404,6,4,0,1.0,0.623544
48265960500,4,4,0,1.0,0.319744
48265960601,4,3,0,1.0,0.723264
48265960602,3,3,0,1.0,0.701633
48265960700,15,14,0,1.0,0.647706
48265960800,34,32,0,1.0,0.447886
48267950100,62,59,0,1.0,0.0
48269950100,2,2,0,1.0,0.197221
48271950100,52,33,0,1.0,0.0
48273020101,4,4,0,1.0,0.0
48273020102,2,1,0,1.0,0.154734
48273020200,5,5,0,1.0,0.146751
48273020301,7,7,0,1.0,
48273020501,1,1,0,1.0,0.0
48275950100,2,2,0,1.0,0.311366
48275950200,1,1,0,1.0,0.0
48277000101,1,1,0,1.0,0.0
48277000102,3,3,0,1.0,0.0
48277000200,9,9,0,1.0,0.0
48277000301,1,1,0,1.0,0.0
48277000302,1,1,0,1.0,0.0
48281950100,16,15,0,1.0,0.0
48281950302,12,12,0,1.0,0.229774
48281950304,1,1,0,1.0,0.0
48281950400,6,5,0,1.0,0.590562
48281950500,3,1,0,1.0,0.557537
48283950302,3,3,0,1.0,0.0
48285000100,1,1,0,1.0,0.0
48285000200,2,2,0,1.0,0.0
48285000300,5,5,0,1.0,0.0
48285000400,2,2,0,1.0,0.138127
48285000500,1,1,0,1.0,0.199938
48287000100,22,22,0,1.0,0.0
48287000200,19,18,0,1.0,0.0
48287000300,7,7,0,1.0,0.0
48287000400,1,1,0,1.0,0.064226
48289950101,5,5,0,1.0,0.182327
48289950301,2,2,0,1.0,0.0
48289950302,2,2,0,1.0,0.118719
48291700100,2,2,0,1.0,0.0
48291700200,1,1,0,1.0,0.601826
48291700400,1,1,0,1.0,0.367449
48291700500,3,3,0,1.0,0.192905
48293970100,10,10,0,1.0,0.0
48293970500,1,1,0,1.0,0.485998
48293970600,15,15,0,1.0,0.0
48293970700,9,9,0,1.0,0.0
48293970800,18,16,0,1.0,0.0
48297950100,4,4,0,1.0,0.0
48297950300,1,1,0,1.0,0.0
48299970100,90,80,0,1.0,0.370654
48299970200,5,5,0,1.0,0.474827
48299970300,92,85,0,1.0,0.0
48299970401,8,8,0,1.0,0.475243
48299970402,8,8,0,1.0,0.053698
48299970501,2,2,0,1.0,
48299970502,12,12,0,1.0,
48299970600,10,10,0,1.0,0.602815
48303000100,3,2,0,1.0,0.0
48303000201,7,6,0,1.0,0.0
48303000403,1,1,0,1.0,0.410052
48303000700,3,2,0,1.0,0.0
48303000901,5,5,0,1.0,0.0
48303001000,1,1,0,1.0,0.289967
48303001200,2,2,0,1.0,0.0
48303001402,1,1,0,1.0,0.605008
48303001713,1,1,0,1.0,0.32364
48303001904,1,1,0,1.0,0.0
48303002203,1,1,0,1.0,0.043013
48303010201,2,1,0,1.0,0.0
48303010502,1,1,0,1.0,0.025263
48303010700,1,0,0,1.0,0.0
48305950600,7,0,0,1.0,0.0
48307950300,14,14,0,1.0,0.5988
48307950400,12,10,0,1.0,0.239019
48307950500,22,22,0,1.0,0.0
48309000100,1,1,0,1.0,0.0
48309001700,2,2,0,1.0,0.534159
48309002503,2,2,0,1.0,0.060883
48309002504,1,1,0,1.0,0.0
48309002900,5,5,0,1.0,0.063898
48309003300,2,2,0,1.0,
48309003401,1,1,0,1.0,0.0
48309003402,1,1,0,1.0,0.0
48309003500,8,8,0,1.0,0.0
48309003601,1,1,0,1.0,0.0
48309003602,2,2,0,1.0,0.0
48309003701,4,3,0,1.0,0.658067
48309003703,1,1,0,1.0,0.0
48309003708,2,2,0,1.0,
48309003801,3,3,0,1.0,0.0
48309003802,3,3,0,1.0,0.041751
48309003902,3,3,0,1.0,0.207931
48309004000,6,6,0,1.0,0.0
48309004102,2,2,0,1.0,
48309004104,2,2,0,1.0,
48309004201,3,3,0,1.0,0.0
48309004202,1,1,0,1.0,0.063284
48309004300,1,1,0,1.0,0.0
48311950100,6,2,0,1.0,0.130105
48313000200,1,1,0,1.0,0.174372
48313000400,1,1,0,1.0,0.415749
48317950100,6,5,0,1.0,0.0
48317950200,4,3,0,1.0,0.394544
48319950100,10,10,0,1.0,0.250734
48319950200,54,53,0,1.0,0.0
48321730202,1,1,0,1.0,0.192475
48321730203,1,1,0,1.0,0.116389
48321730204,1,1,0,1.0,0.836879
48321730302,1,1,0,1.0,0.899319
48321730700,2,2,0,1.0,0.0
48323950206,1,1,0,1.0,0.0
48323950207,1,1,0,1.0,0.0
48323950701,2,2,0,1.0,0.0
48323950702,2,2,0,1.0,0.385836
48325000101,38,34,0,1.0,0.0
48325000103,30,29,0,1.0,0.0
48325000104,11,11,0,1.0,0.0
48325000200,44,44,0,1.0,0.0
48325000301,45,41,0,1.0,0.0
48325000302,15,14,0,1.0,0.0
48325000401,1,1,0,1.0,0.068043
48325000402,28,28,0,1.0,0.0
48325000500,30,30,0,1.0,0.0
48325000801,10,9,0,1.0,0.0
48325000802,6,6,0,1.0,0.187484
48327950300,31,31,0,1.0,0.0
48329010124,2,2,0,1.0,0.17142
48329010128,8,8,0,1.0,0.0
48329010129,6,6,0,1.0,0.222822
48331950100,12,12,0,1.0,0.0
48331950401,1,1,0,1.0,0.583551
48331950500,1,1,0,1.0,0.268946
48331950800,3,3,0,1.0,0.0
48333950100,9,9,0,1.0,0.0
48333950200,6,6,0,1.0,0.161468
48335950200,9,8,0,1.0,0.084166
48335950400,21,20,0,1.0,0.0
48337950100,16,15,0,1.0,0.0
48337950200,24,23,0,1.0,0.0
48337950401,8,8,0,1.0,0.0
48337950402,2,2,0,1.0,0.0
48337950600,6,6,0,1.0,0.0
48339690101,1,0,0,1.0,
48339690102,3,3,0,1.0,
48339690207,1,1,0,1.0,0.335343
48339690300,7,7,0,1.0,0.0
48339690403,1,1,0,1.0,
48339692103,3,3,0,1.0,0.306814
48339692201,1,1,0,1.0,0.0
48339692202,1,1,0,1.0,0.0
48339692401,1,1,0,1.0,0.0
48339692501,1,1,0,1.0,0.014516
48339692601,1,1,0,1.0,0.0
48339692603,2,2,0,1.0,
48339692702,2,2,0,1.0,0.0
48339692803,1,1,0,1.0,0.0
48339692804,1,1,0,1.0,
48339692900,1,1,0,1.0,0.0
48339693001,2,2,0,1.0,0.081129
48339693102,1,1,0,1.0,0.190568
48339693103,3,3,0,1.0,0.54075
48339693302,1,1,0,1.0,0.0
48339693501,1,1,0,1.0,0.344704
48339693502,6,6,0,1.0,0.723892
48339693503,1,1,0,1.0,0.177682
48339693600,1,1,0,1.0,0.0
48339693703,1,1,0,1.0,0.0
48339693903,4,4,0,1.0,0.807815
48339694001,3,3,0,1.0,0.0
48339694002,3,3,0,1.0,0.047464
48339694104,2,2,0,1.0,
48339694107,5,5,0,1.0,0.0
48339694204,1,1,0,1.0,0.0
48339694205,1,1,0,1.0,0.478629
48339694209,1,1,0,1.0,0.0
48339694303,1,1,0,1.0,0.0
48339694402,1,1,0,1.0,0.0
48339694403,1,0,0,1.0,0.079613
48339694502,5,5,0,1.0,
48339694601,1,1,0,1.0,0.0
48339694602,1,1,0,1.0,0.0
48339694603,1,1,0,1.0,0.0
48339694700,5,5,0,1.0,
48347950200,6,6,0,1.0,0.0
48349970100,3,3,0,1.0,0.0
48349970200,7,7,0,1.0,0.049144
48349970301,3,3,0,1.0,0.029209
48349970400,1,1,0,1.0,0.0
48349970500,8,8,0,1.0,0.0
48349970600,12,12,0,1.0,0.053956
48349970701,11,11,0,1.0,0.0
48349970800,4,4,0,1.0,0.442696
48349970901,2,2,0,1.0,0.0
48349970902,6,6,0,1.0,0.482652
48349971000,8,8,0,1.0,0.0
48353950100,14,14,0,1.0,0.171891
48353950300,2,2,0,1.0,0.553288
48353950400,5,5,0,1.0,0.41456
48353950500,22,21,0,1.0,0.0
48355003002,1,1,0,1.0,0.0
48355005406,6,6,0,1.0,0.0
48355005605,1,1,0,1.0,0.334406
48355005900,1,1,0,1.0,0.0
48355006000,1,1,0,1.0,0.0
48363000100,5,5,0,1.0,0.058952
48363000200,2,2,0,1.0,0.034576
48363000300,4,4,0,1.0,0.0
48363000401,1,1,0,1.0,0.082683
48363000402,5,5,0,1.0,0.0
48367140201,1,1,0,1.0,0.371337
48367140202,4,3,0,1.0,0.045803
48367140403,5,5,0,1.0,0.081578
48367140408,1,1,0,1.0,0.367363
48367140502,4,3,0,1.0,0.154596
48367140503,1,1,0,1.0,0.0
48367140601,2,2,0,1.0,0.138744
48367140603,4,4,0,1.0,0.0
48367140604,3,3,0,1.0,0.283186
48367140710,1,1,0,1.0,0.577329
48367140711,2,2,0,1.0,0.0
48367140713,2,2,0,1.0,0.0
48367140714,5,5,0,1.0,0.0
48371950100,12,9,0,1.0,0.0
48373210302,1,1,0,1.0,0.507178
48373210402,1,1,0,1.0,0.087807
48379950101,3,3,0,1.0,0.0
48379950200,1,1,0,1.0,0.0
48383950100,5,3,0,1.0,0.0
48385950100,55,54,0,1.0,0.0
48387950100,6,6,0,1.0,0.0
48387950501,1,1,0,1.0,0.399024
48387950502,2,2,0,1.0,0.149236
48387950600,3,3,0,1.0,0.0
48387950700,4,4,0,1.0,0.0
48391950200,2,2,0,1.0,0.105622
48391950400,4,4,0,1.0,0.0
48395960100,1,0,0,1.0,0.0
48395960300,3,3,0,1.0,0.0
48395960400,2,2,0,1.0,0.0
48395960502,1,1,0,1.0,0.402535
48397040202,1,1,0,1.0,0.340391
48397040305,3,3,0,1.0,0.0
48397040403,2,2,0,1.0,0.727955
48397040405,1,1,0,1.0,0.517268
48397040409,7,7,0,1.0,0.0
48397040410,3,3,0,1.0,0.071682
48397040411,3,3,0,1.0,0.0
48397040503,1,1,0,1.0,0.0
48397040508,4,4,0,1.0,0.080246
48397040509,3,3,0,1.0,0.258482
48397040511,2,1,0,1.0,
48397040513,1,1,0,1.0,0.076629
48397040514,1,1,0,1.0,0.0
48399950100,38,36,0,1.0,0.0
48399950500,34,34,0,1.0,0.0
48399950600,21,21,0,1.0,0.000103
48401950300,2,2,0,1.0,0.0
48409010700,3,3,0,1.0,0.0
48409010800,1,1,0,1.0,0.525768
48409010900,8,8,0,1.0,0.0
48409011200,2,2,0,1.0,0.0
48411950200,14,14,0,1.0,0.0
48413950300,7,7,0,1.0,0.0
48415950100,8,7,0,1.0,0.457301
48415950200,10,9,0,1.0,0.0
48415950300,2,2,0,1.0,0.09504
48415950600,7,7,0,1.0,0.0
48417950300,4,3,0,1.0,0.087971
48423000300,2,2,0,1.0,0.515899
48423000600,6,6,0,1.0,0.558871
48423000900,3,3,0,1.0,0.678586
48423001000,6,6,0,1.0,0.0
48423001102,2,2,0,1.0,0.484173
48423001605,1,1,0,1.0,0.5031
48423001606,1,1,0,1.0,0.37552
48423001608,2,2,0,1.0,0.622204
48423001906,1,1,0,1.0,0.062539
48423001909,1,1,0,1.0,0.0
48423001914,2,2,0,1.0,0.0
48423001915,1,1,0,1.0,0.0
48423002004,2,2,0,1.0,0.075522
48423002006,1,1,0,1.0,0.0
48423002009,3,2,0,1.0,0.0
48423002013,3,3,0,1.0,0.0
48423002200,1,1,0,1.0,0.0
48425000101,27,24,0,1.0,0.011233
48425000102,6,6,0,1.0,0.0
48425000200,2,2,0,1.0,0.33234
48429950500,2,2,0,1.0,0.0
48431950100,14,11,0,1.0,0.171714
48433950300,6,5,0,1.0,0.0
48435950300,125,123,0,1.0,0.0
48439100101,9,9,0,1.0,0.0
48439100201,7,6,0,1.0,0.0
48439100202,7,7,0,1.0,0.116395
48439100300,6,6,0,1.0,0.193353
48439100504,8,8,0,1.0,0.0
48439100505,2,2,0,1.0,0.0
48439100506,1,1,0,1.0,0.0
48439100601,7,7,0,1.0,0.166495
48439100602,3,3,0,1.0,0.474485
48439100700,3,2,0,1.0,0.464021
48439101201,8,8,0,1.0,0.0
48439101202,3,3,0,1.0,0.0
48439101401,2,2,0,1.0,0.0
48439102102,2,2,0,1.0,
48439102301,1,1,0,1.0,0.086372
48439102302,6,5,0,1.0,0.578461
48439102402,4,4,0,1.0,0.421841
48439102500,2,2,0,1.0,0.0
48439102601,2,2,0,1.0,0.0
48439103500,4,4,0,1.0,
48439103601,6,6,0,1.0,
48439103701,1,1,0,1.0,
48439103800,1,1,0,1.0,0.157198
48439104204,2,2,0,1.0,
48439104504,6,6,0,1.0,0.0
48439104603,5,5,0,1.0,0.419047
48439104604,5,4,0,1.0,0.0
48439104605,1,1,0,1.0,0.336524
48439104702,2,2,0,1.0,0.0
48439105007,1,1,0,1.0,0.0
48439105009,10,10,0,1.0,0.0
48439105201,2,2,0,1.0,0.0
48439105203,1,1,0,1.0,0.463059
48439105204,1,1,0,1.0,0.0
48439105206,2,2,0,1.0,0.478284
48439105403,3,3,0,1.0,0.0
48439105404,9,9,0,1.0,0.0
48439105408,1,1,0,1.0,0.0
48439105511,2,2,0,1.0,
48439105512,5,5,0,1.0,
48439105520,1,1,0,1.0,
48439105600,1,1,0,1.0,0.0
48439105703,2,2,0,1.0,
48439105705,1,1,0,1.0,
48439105800,2,2,0,1.0,0.0
48439105902,1,1,0,1.0,0.0
48439106002,2,2,0,1.0,0.0
48439106004,8,8,0,1.0,0.0
48439106005,2,2,0,1.0,0.0
48439106006,1,1,0,1.0,
48439106101,1,1,0,1.0,0.0
48439106102,1,1,0,1.0,0.460514
48439106201,1,1,0,1.0,0.0
48439106202,7,7,0,1.0,0.0
48439106300,6,6,0,1.0,0.0
48439106400,4,4,0,1.0,0.04257
48439106503,1,1,0,1.0,0.0
48439106507,3,3,0,1.0,0.0
48439106509,8,6,0,1.0,0.0
48439106512,1,1,0,1.0,0.0
48439106513,1,1,0,1.0,0.238986
48439106514,1,1,0,1.0,0.0
48439106521,2,2,0,1.0,0.0
48439106522,2,2,0,1.0,0.0
48439106523,3,3,0,1.0,0.0
48439106524,2,2,0,1.0,
48439106525,1,1,0,1.0,0.0
48439106526,4,4,0,1.0,0.0
48439110102,1,1,0,1.0,0.237766
48439110104,1,1,0,1.0,0.423646
48439110202,3,3,0,1.0,0.257162
48439110204,1,1,0,1.0,0.0
48439110301,1,1,0,1.0,0.0
48439110402,1,1,0,1.0,0.243115
48439110600,1,1,0,1.0,0.220797
48439110703,6,5,0,1.0,0.0
48439110705,2,2,0,1.0,
48439110706,6,6,0,1.0,0.0
48439110805,2,2,0,1.0,0.0
48439110806,1,1,0,1.0,
48439110807,13,11,0,1.0,0.0
48439110808,1,1,0,1.0,0.0
48439110901,7,7,0,1.0,0.383097
48439110906,5,5,0,1.0,0.037531
48439111010,1,1,0,1.0,0.0
48439111018,2,2,0,1.0,0.0
48439111019,2,2,0,1.0,0.0
48439111021,1,1,0,1.0,
48439111023,1,1,0,1.0,
48439111024,1,1,0,1.0,
48439111026,1,1,0,1.0,
48439111027,2,2,0,1.0,0.0
48439111030,2,2,0,1.0,0.0
48439111031,1,1,0,1.0,0.0
48439111033,1,1,0,1.0,0.0
48439111102,4,4,0,1.0,0.0
48439111104,1,1,0,1.0,0.0
48439111202,7,7,0,1.0,
48439111203,3,3,0,1.0,0.0
48439111204,3,3,0,1.0,0.0
48439111306,1,1,0,1.0,0.0
48439111307,1,1,0,1.0,0.0
48439111308,3,3,0,1.0,0.0
48439111309,1,1,0,1.0,0.0
48439111311,1,1,0,1.0,
48439111312,3,3,0,1.0,0.0
48439111314,1,1,0,1.0,0.0
48439111316,1,1,0,1.0,
48439111317,3,3,0,1.0,
48439111402,1,1,0,1.0,0.0
48439111405,1,1,0,1.0,0.483936
48439111407,2,2,0,1.0,0.0
48439111409,1,1,0,1.0,0.0
48439111411,1,1,0,1.0,0.088864
48439111505,2,2,0,1.0,0.541067
48439111506,2,2,0,1.0,0.0
48439111513,2,2,0,1.0,0.0
48439111514,1,1,0,1.0,0.0
48439111525,2,2,0,1.0,0.0
48439111530,1,1,0,1.0,0.0
48439111534,2,2,0,1.0,0.0
48439111541,1,1,0,1.0,
48439111542,1,1,0,1.0,
48439111545,4,4,0,1.0,
48439111546,4,4,0,1.0,0.0
48439111551,1,1,0,1.0,0.0
48439111554,2,2,0,1.0,0.0
48439111559,1,1,0,1.0,
48439111562,2,2,0,1.0,
48439111568,1,1,0,1.0,
48439113004,1,1,0,1.0,0.0
48439113007,1,1,0,1.0,0.0
48439113102,2,2,0,1.0,
48439113108,2,2,0,1.0,0.0
48439113109,1,1,0,1.0,0.0
48439113115,2,1,0,1.0,0.0
48439113116,1,1,0,1.0,0.0
48439113119,2,2,0,1.0,
48439113206,6,6,0,1.0,0.484708
48439113210,2,2,0,1.0,
48439113212,2,2,0,1.0,0.0
48439113213,1,1,0,1.0,0.0
48439113215,1,1,0,1.0,
48439113301,9,9,0,1.0,0.580034
48439113302,6,6,0,1.0,0.107111
48439113404,4,4,0,1.0,0.0
48439113407,1,1,0,1.0,0.428659
48439113408,1,1,0,1.0,0.16104
48439113409,1,1,0,1.0,0.365751
48439113511,3,3,0,1.0,0.065436
48439113512,2,2,0,1.0,0.0
48439113513,1,1,0,1.0,0.224778
48439113514,3,3,0,1.0,0.0
48439113607,1,1,0,1.0,0.0
48439113613,4,4,0,1.0,0.0
48439113618,1,1,0,1.0,0.0
48439113622,3,3,0,1.0,0.0
48439113639,1,1,0,1.0,0.0
48439113707,2,2,0,1.0,0.0
48439113715,1,1,0,1.0,0.0
48439113808,1,1,0,1.0,0.0
48439113809,1,1,0,1.0,0.0
48439113816,4,4,0,1.0,0.0
48439113906,3,3,0,1.0,0.0
48439113908,1,1,0,1.0,
48439113912,5,5,0,1.0,
48439113918,3,3,0,1.0,
48439113930,1,1,0,1.0,0.0
48439113931,1,1,0,1.0,0.0
48439113932,3,2,0,1.0,0.0
48439113933,2,2,0,1.0,0.0
48439113934,3,3,0,1.0,
48439113938,1,1,0,1.0,
48439113941,3,3,0,1.0,0.0
48439113942,1,1,0,1.0,0.613322
48439113946,1,1,0,1.0,
48439113947,1,1,0,1.0,
48439113950,7,7,0,1.0,
48439113951,2,2,0,1.0,0.0
48439113953,1,1,0,1.0,0.128255
48439113954,1,1,0,1.0,0.0
48439113955,1,1,0,1.0,0.0
48439113956,4,4,0,1.0,0.0
48439114003,3,3,0,1.0,0.0
48439114009,2,2,0,1.0,
48439114010,1,1,0,1.0,0.0
48439114011,2,2,0,1.0,0.0
48439114012,1,1,0,1.0,
48439114013,1,1,0,1.0,0.0
48439114105,1,1,0,1.0,0.0
48439114108,3,3,0,1.0,
48439114109,7,7,0,1.0,0.0
48439114110,2,2,0,1.0,0.600388
48439114111,1,1,0,1.0,0.0
48439114113,2,2,0,1.0,
48439114203,1,1,0,1.0,
48439114204,1,1,0,1.0,0.0
48439114205,6,6,0,1.0,0.0
48439114206,1,1,0,1.0,0.0
48439114207,1,1,0,1.0,0.0
48439121606,5,4,0,1.0,0.193277
48439121615,2,2,0,1.0,0.0
48439121702,2,2,0,1.0,0.0
48439121904,2,2,0,1.0,0.0
48439121907,1,1,0,1.0,
48439122100,3,3,0,1.0,0.0
48439122401,2,2,0,1.0,
48439122801,1,1,0,1.0,0.0
48439122802,3,3,0,1.0,0.0
48439123001,1,1,0,1.0,0.147563
48439123100,3,3,0,1.0,0.0
48439123200,1,1,0,1.0,0.114675
48439123301,1,1,0,1.0,0.0
48439980000,4,3,0,1.0,0.0
48441010100,5,5,0,1.0,0.0
48441010600,1,1,0,1.0,0.06199
48441010900,3,3,0,1.0,0.272354
48441011500,2,2,0,1.0,0.0
48441012200,8,7,0,1.0,0.057473
48441012500,2,2,0,1.0,0.0
48441012600,2,2,0,1.0,0.049281
48441012701,1,1,0,1.0,0.0
48441012702,4,4,0,1.0,0.19148
48441012801,1,1,0,1.0,0.239575
48441013100,8,7,0,1.0,0.266332
48441013200,2,2,0,1.0,0.0
48441013300,3,3,0,1.0,0.048741
48441013402,8,7,0,1.0,0.0
48441013404,4,4,0,1.0,0.032832
48441013501,33,33,0,1.0,0.0
48441013502,6,6,0,1.0,0.0
48441013602,11,9,0,1.0,0.0
48441980000,1,1,0,1.0,0.604843
48443950100,79,39,0,1.0,0.25616
48447950300,6,6,0,1.0,0.375994
48449950200,3,3,0,1.0,0.0
48449950302,1,1,0,1.0,0.011377
48449950400,1,1,0,1.0,0.00893
48449950600,2,2,0,1.0,0.078706
48449950700,3,3,0,1.0,0.634562
48451000300,2,2,0,1.0,0.233623
48451000700,6,6,0,1.0,0.63614
48451000802,1,1,0,1.0,0.0
48451001000,4,4,0,1.0,0.652505
48451001101,4,4,0,1.0,0.0
48451001102,3,3,0,1.0,0.007537
48451001200,5,5,0,1.0,
48451001301,1,1,0,1.0,0.0
48451001303,2,2,0,1.0,0.0
48451001304,4,4,0,1.0,0.0
48451001402,1,1,0,1.0,0.350873
48451001600,17,17,0,1.0,0.0
48451001702,6,6,0,1.0,0.0
48451001707,3,3,0,1.0,0.179423
48451001708,3,3,0,1.0,0.395557
48451001709,15,15,0,1.0,0.0
48451001710,10,10,0,1.0,0.0
48451001800,5,5,0,1.0,0.304109
48453000101,1,1,0,1.0,0.0
48453000102,1,1,0,1.0,0.0
48453000205,1,1,0,1.0,
48453000206,1,1,0,1.0,
48453000302,1,1,0,1.0,0.0
48453000305,3,3,0,1.0,
48453000307,1,1,0,1.0,0.0
48453000401,1,1,0,1.0,0.0
48453000402,2,2,0,1.0,0.0
48453000500,1,1,0,1.0,
48453000601,3,3,0,1.0,
48453000605,1,1,0,1.0,
48453000700,2,2,0,1.0,0.0
48453001101,2,2,0,1.0,0.0
48453001200,2,2,0,1.0,0.0
48453001307,1,0,0,1.0,0.185813
48453001308,1,1,0,1.0,0.0
48453001311,2,2,0,1.0,
48453001312,6,6,0,1.0,
48453001505,1,1,0,1.0,
48453001602,5,5,0,1.0,0.0
48453001603,2,2,0,1.0,0.0
48453001605,2,2,0,1.0,0.0
48453001910,1,1,0,1.0,0.353197
48453001913,2,2,0,1.0,0.630547
48453001918,7,7,0,1.0,0.339229
48453001919,3,3,0,1.0,
48453001920,1,1,0,1.0,0.0
48453002007,3,3,0,1.0,0.61076
48453002104,2,2,0,1.0,0.0
48453002106,5,5,0,1.0,
48453002107,5,5,0,1.0,
48453002108,1,1,0,1.0,0.007117
48453002110,1,1,0,1.0,0.216603
48453002111,1,1,0,1.0,0.0
48453002214,1,1,0,1.0,0.0
48453002215,1,1,0,1.0,0.0
48453002217,5,5,0,1.0,0.179618
48453002218,5,5,0,1.0,0.867029
48453002219,2,2,0,1.0,0.0
48453002310,1,1,0,1.0,0.477411
48453002322,1,0,0,1.0,0.297605
48453002327,1,0,0,1.0,0.0
48453002403,1,1,0,1.0,0.0
48453002407,2,2,0,1.0,0.0
48453002410,1,1,0,1.0,
48453002413,1,1,0,1.0,
48453002422,1,1,0,1.0,0.0
48453002430,1,1,0,1.0,
48453002432,5,5,0,1.0,0.0
48453002434,5,5,0,1.0,0.0
48453002436,5,5,0,1.0,0.0
48453002438,2,2,0,1.0,
48453002446,1,1,0,1.0,0.0
48453002447,1,1,0,1.0,0.0
48453002448,5,5,0,1.0,0.0
48453002449,3,3,0,1.0,0.0
48453002450,6,6,0,1.0,
48453002452,1,0,0,1.0,0.0
48453002453,3,2,0,1.0,0.369389
48453030000,4,4,0,1.0,0.512922
48453030300,1,1,0,1.0,0.0
48453030500,7,6,0,1.0,0.0
48453030600,2,2,0,1.0,0.0
48453030900,1,1,0,1.0,
48453031100,4,4,0,1.0,0.0
48453031200,1,1,0,1.0,0.0
48453031300,1,1,0,1.0,0.0
48453031500,4,4,0,1.0,
48453032000,1,1,0,1.0,0.110508
48453032100,4,4,0,1.0,0.0
48453032200,1,1,0,1.0,
48453032600,3,3,0,1.0,0.0
48453033000,4,4,0,1.0,0.0
48453033300,7,4,0,1.0,0.0
48453033400,1,1,0,1.0,0.222962
48453033600,4,4,0,1.0,
48453033900,4,4,0,1.0,
48453034800,1,0,0,1.0,0.0
48453034900,2,2,0,1.0,
48453035200,3,3,0,1.0,
48453035400,2,2,0,1.0,0.0
48453035600,2,2,0,1.0,
48453035800,1,1,0,1.0,
48453035900,5,5,0,1.0,
48453036300,4,4,0,1.0,
48453036500,3,3,0,1.0,0.558324
48453036600,3,3,0,1.0,0.352891
48453036900,2,2,0,1.0,
48453037000,1,1,0,1.0,0.467523
48453037500,2,2,0,1.0,
48453040000,1,1,0,1.0,0.0
48453040300,2,2,0,1.0,0.0
48453040600,1,1,0,1.0,0.0
48453040900,1,1,0,1.0,0.50774
48453041200,3,3,0,1.0,0.0
48453041400,4,4,0,1.0,0.0
48453042000,1,1,0,1.0,0.0
48453042100,1,1,0,1.0,0.0
48453042400,4,4,0,1.0,0.0
48453042500,2,2,0,1.0,0.0
48453043600,2,2,0,1.0,0.0
48453044700,2,2,0,1.0,
48453044900,2,2,0,1.0,
48453045000,1,1,0,1.0,
48453045800,3,3,0,1.0,0.131579
48453045900,3,3,0,1.0,0.147984
48453046500,1,1,0,1.0,0.0
48453980000,1,1,0,1.0,0.182243
48455950100,1,1,0,1.0,0.0
48455950300,1,1,0,1.0,0.05348
48459950101,1,1,0,1.0,0.0
48459950102,2,2,0,1.0,0.260959
48459950501,2,2,0,1.0,0.020714
48459950502,1,1,0,1.0,0.0
48459950600,2,2,0,1.0,0.0
48461950100,4,4,0,1.0,0.0
48463950100,19,19,0,1.0,0.0
48463950201,10,10,0,1.0,0.0
48463950202,3,2,0,1.0,0.0
48463950300,2,2,0,1.0,0.302448
48463950400,3,3,0,1.0,0.492813
48465950202,5,5,0,1.0,0.635712
48465950301,1,1,0,1.0,0.51293
48465950501,1,0,0,1.0,0.435219
48465950502,1,1,0,1.0,0.0
48465950602,2,1,0,1.0,0.64092
48465950701,6,5,0,1.0,0.661703
48465950801,2,1,0,1.0,0.0
48465950802,325,247,0,1.0,0.170702
48467950100,2,2,0,1.0,0.0
48467950300,4,4,0,1.0,0.138501
48467950400,1,1,0,1.0,0.0
48467950601,1,1,0,1.0,0.10897
48467950602,2,2,0,1.0,0.291214
48467950700,1,1,0,1.0,0.377092
48467950801,1,1,0,1.0,0.367018
48469000700,3,3,0,1.0,0.0
48469000800,2,2,0,1.0,0.0
48469001300,1,1,0,1.0,0.231652
48469001402,1,1,0,1.0,0.0
48469001501,4,4,0,1.0,0.0
48469001504,1,1,0,1.0,0.361369
48469001601,1,1,0,1.0,0.0
48469001607,3,3,0,1.0,0.0
48469001700,1,1,0,1.0,0.296723
48471790302,2,2,0,1.0,0.0
48471790402,3,3,0,1.0,0.199059
48471790500,2,2,0,1.0,0.395566
48473680100,2,0,0,1.0,0.0
48473680201,10,9,0,1.0,
48473680202,1,1,0,1.0,0.0
48473680301,7,7,0,1.0,0.028002
48473680302,2,1,0,1.0,0.0
48473680303,1,1,0,1.0,0.0
48473680501,3,3,0,1.0,0.0
48473680601,5,5,0,1.0,
48473680602,6,6,0,1.0,
48477170100,3,3,0,1.0,0.0
48477170201,1,1,0,1.0,0.128797
48477170202,3,3,0,1.0,0.046047
48477170300,1,1,0,1.0,0.064737
48477170400,4,4,0,1.0,0.138621
48477170501,7,7,0,1.0,0.0
48477170502,3,3,0,1.0,0.0
48477170601,5,5,0,1.0,0.0
48477170602,2,2,0,1.0,0.0
48479001004,1,1,0,1.0,0.0
48479001602,1,1,0,1.0,0.041182
48479001706,3,3,0,1.0,0.0
48479001709,3,3,0,1.0,0.0
48479001710,11,11,0,1.0,0.00137
48479001715,2,2,0,1.0,0.0
48479001716,2,2,0,1.0,
48479001717,3,2,0,1.0,0.0
48479001719,1,1,0,1.0,
48479001811,1,1,0,1.0,0.0
48479001900,1,1,0,1.0,0.0
48481740100,6,6,0,1.0,0.0
48481740300,1,1,0,1.0,0.0
48481740400,1,1,0,1.0,0.398515
48481740500,1,1,0,1.0,0.0
48481740800,1,1,0,1.0,0.108591
48481740901,1,1,0,1.0,0.0
48481741000,4,4,0,1.0,0.0
48481741100,6,6,0,1.0,0.0
48491020117,1,1,0,1.0,0.0
48491020122,2,2,0,1.0,0.537482
48491020201,4,4,0,1.0,0.0
48491020203,1,1,0,1.0,0.0
48491020205,4,4,0,1.0,0.0
48491020206,7,7,0,1.0,0.0
48491020207,2,1,0,1.0,0.301185
48491020208,4,4,0,1.0,0.495306
48491020310,5,5,0,1.0,0.0
48491020325,3,3,0,1.0,0.0
48491020329,5,5,0,1.0,0.032678
48491020330,1,1,0,1.0,0.07746
48491020331,1,1,0,1.0,0.0
48491020332,1,1,0,1.0,0.015954
48491020339,2,2,0,1.0,
48491020340,2,2,0,1.0,0.0
48491020345,1,0,0,1.0,
48491020503,4,4,0,1.0,0.0
48491020507,1,0,0,1.0,
48491020511,1,1,0,1.0,0.0
48491020512,1,1,0,1.0,0.0
48491020514,1,1,0,1.0,
48491020515,1,1,0,1.0,
48491020602,1,1,0,1.0,0.0
48491020701,1,1,0,1.0,0.0
48491020704,3,2,0,1.0,
48491020712,1,1,0,1.0,
48491020808,8,7,0,1.0,0.0
48491020811,2,2,0,1.0,
48491020812,1,1,0,1.0,0.0
48491020813,3,2,0,1.0,0.0
48491020814,1,1,0,1.0,
48491020816,1,1,0,1.0,0.114806
48491020817,2,2,0,1.0,0.324765
48491020818,1,1,0,1.0,0.594635
48491020819,2,2,0,1.0,0.32882
48491020820,1,1,0,1.0,0.0
48491020822,6,6,0,1.0,0.133611
48491020900,26,26,0,1.0,0.0
48491021000,3,3,0,1.0,0.377494
48491021202,2,2,0,1.0,0.419551
48491021203,2,2,0,1.0,0.648317
48491021300,29,29,0,1.0,0.0
48491021402,1,0,0,1.0,0.0
48491021406,1,1,0,1.0,0.0
48491021503,1,1,0,1.0,0.0
48491021601,4,4,0,1.0,0.0
48491021602,8,8,0,1.0,0.431495
48491021603,8,8,0,1.0,0.0
48493000102,1,1,0,1.0,0.15269
48493000103,1,1,0,1.0,0.0
48493000201,2,2,0,1.0,0.0
48493000202,6,6,0,1.0,0.0
48493000300,2,2,0,1.0,0.303856
48493000402,1,1,0,1.0,0.391872
48493000500,13,13,0,1.0,0.097294
48493000600,16,14,0,1.0,0.0
48497150104,2,2,0,1.0,0.0
48497150402,1,1,0,1.0,0.0
48497150403,2,2,0,1.0,0.0
48497150404,1,1,0,1.0,0.0
48497150405,2,2,0,1.0,0.0
48497150500,3,3,0,1.0,0.403656
48497150605,5,5,0,1.0,0.0
48499950602,2,2,0,1.0,0.0
48503950402,2,2,0,1.0,0.0
48503950500,2,2,0,1.0,0.325129
48507950100,1,1,0,1.0,0.0
48507950200,1,0,0,1.0,0.0
48507950301,8,7,0,1.0,0.0
