file,region,bytes,sha256,read_by,bucket_2026_09_26
northern-ca-census-tracts.parquet,northern-ca,4762054,910e21ff039000dff13779051cd5d1ef62c0ea183ebdd7ff4170942fe5fb877d,pipeline.py,present
northern-ca-sample-submission.csv,northern-ca,16608,f38017b5284667b80b451685fd146388c108e1b30308301289c7a96ecfe60902,pipeline.py,present
northern-ca-overture-roads.parquet,northern-ca,43515963,51ecc484bc2628e1ad770beaf8a7e736586a1e4aac1dcbe7322d708e15f5cb14,pipeline.py,present
northern-ca-census-tiger-roads.parquet,northern-ca,44473133,32775ef99c774ed34d5fc5dba90b8fb45ec313b27c3741087fcdb1d82623a43c,pipeline.py,removed
northern-ca-overture-buildings.parquet,northern-ca,130554079,00a4058f4771a54e167dbbd495c281f1549e768acc55ae2b64124e6278e68945,pipeline.py,present
northern-ca-microsoft-buildings.parquet,northern-ca,134100570,9c32be338b46762970bb85a7d380fb9504bbb93c23e60a4177b82caf21916d20,pipeline.py,removed
northern-ca-overture-pois.parquet,northern-ca,16168720,6318deb41156116c002f2bf0222e37b0ba758c1707fbf573da13afd32a482d6a,pipeline.py,present
northern-ca-hifld-fire-stations.csv,northern-ca,91702,710b289fd9ebdd894835c9743ec2947addbd7763a33e911c1e4778f648ad365a,pipeline.py,removed
northern-ca-hifld-ems-stations.csv,northern-ca,4758,4ce0848d579d99dc19674501c0af35ba167cbb3504fdd3c5bd5969ddbe70a580,pipeline.py,removed
northern-ca-hifld-schools.csv,northern-ca,139566,fe84d712fe627b4ed825c2f3dfd4e94e337d0f7a2a5cb6de656f804a236be55b,pipeline.py,removed
northern-ca-census-cbp.csv,northern-ca,28010,ca06f93f8955fea2f8cdb7b2ea14155e144774dd0f299cba4d36d035d709abd8,pipeline.py,removed
eastern-ok-census-tracts.parquet,eastern-ok,5324978,cffccf214028d124747de44fce3edff9acce0a43bf0efcf62727cb7cd7d57623,pipeline.py,present
eastern-ok-sample-submission.csv,eastern-ok,33436,56cb40fba4008d646bc63c62c91e211871459224b3de8b3a886ff813803fd0d4,pipeline.py,present
eastern-ok-overture-roads.parquet,eastern-ok,82239229,b505ba2e4421c69c3ba68318714c0b9d5e359f11c47b04cad021d715c461ee7c,pipeline.py,present
eastern-ok-census-tiger-roads.parquet,eastern-ok,39259768,3faa7893eb7d3bbba20e44aea58de40ab288de5507b43bbc7b7103a81ebdaf16,pipeline.py,removed
eastern-ok-overture-buildings.parquet,eastern-ok,298882068,1c88033d95430eaa57c9c9acc89a74cafafc7cc76add00a7f73a834157b637f7,pipeline.py,present
eastern-ok-microsoft-buildings.parquet,eastern-ok,271611731,f914e93684a611a183f01363338f5e5cdac8a0ebb36557c489785813fe0c0aa5,pipeline.py,removed
eastern-ok-overture-pois.parquet,eastern-ok,28848614,1ab300aec153e52c781defaa1986ea3144950f557ed1894b14237a8d8e016290,pipeline.py,present
eastern-ok-hifld-fire-stations.csv,eastern-ok,173085,390e7d8bbddba1e342467050477823ea8f2f6e99b2f0f7db444c0c57f544a5e2,pipeline.py,removed
eastern-ok-hifld-ems-stations.csv,eastern-ok,19920,4fd2d524298223b5a20e1c533924fe204c0c265552207099303f2ad7b84f5c49,pipeline.py,removed
eastern-ok-hifld-schools.csv,eastern-ok,252072,4ff9c2d86785cc56c62c20554226cf833d424627dc63a9244532f9edf908b51d,pipeline.py,removed
eastern-ok-census-cbp.csv,eastern-ok,56354,fe24d937ad782d4170d9d6c50708b0e8238c0461c1a8e25ec64e440fe6c4dffc,pipeline.py,removed
maricopa-az-census-tracts.parquet,maricopa-az,5242171,be3be05b7fcf77773d43a4d9b8ef18af44d1bdc840fd215b31329ad2b0bcfedd,pipeline.py,present
maricopa-az-sample-submission.csv,maricopa-az,44664,1640b801d56ab308e68c65583b88cfb9e1555b05a6d0b922eaba22ac09960a31,pipeline.py,present
maricopa-az-overture-roads.parquet,maricopa-az,80052206,c3f7803d6ab71b646124a649f0acb87258d23e66e23738e782fbc71927af875a,pipeline.py,present
maricopa-az-census-tiger-roads.parquet,maricopa-az,40733899,f45e0f332408d69c9bb675663c3a65abbc1e3788b748f3e88853b4904c93f01b,pipeline.py,removed
maricopa-az-overture-buildings.parquet,maricopa-az,324720762,1f442925b60a5e4129b68335bde03dad2e4f678f40293f39eafdee89ba1c5383,pipeline.py,present
maricopa-az-microsoft-buildings.parquet,maricopa-az,304447046,f67952439727bdfa210eb1e228cb758d36303b3c702eb08ae60d9c6bcfe92993,pipeline.py,removed
maricopa-az-overture-pois.parquet,maricopa-az,40987154,9729146f70026f98d68cc47008cf679dd450e3378680c70090351572f8c3315f,pipeline.py,present
maricopa-az-hifld-fire-stations.csv,maricopa-az,82988,7d62ab30e37a174df09eb663410c996cfbb6ea9a6fd8dbf6f7ad46e4c85f3a2a,pipeline.py,removed
maricopa-az-hifld-ems-stations.csv,maricopa-az,2233,0ea87c87547326fd98eb571987acc4022b99e746303cc589c061086c6a60d9f4,pipeline.py,removed
maricopa-az-hifld-schools.csv,maricopa-az,287325,9efc3f43e80d6beb6f02d55c9ba1c45e400d6fd6165879a46bc66fb1fb6675e4,pipeline.py,removed
maricopa-az-census-cbp.csv,maricopa-az,75263,0dfc333b838b9b7522a815263c048a00633f7b87e36d95c2cb3e945b74754aa6,pipeline.py,removed
south-central-tx-census-tracts.parquet,south-central-tx,20580821,7d64db287ed13d979197338e5d3702ba9f7ec4d1c563aff955bf6fe6bda6fc82,pipeline.py,present
south-central-tx-sample-submission.csv,south-central-tx,168144,afa59c0eb30c40be25ce82098f144447591b79cb9692e669b2f2fe7b7b1ee58e,pipeline.py,present
south-central-tx-overture-roads.parquet,south-central-tx,299751270,204eb0f03205118e290c186a7ac35d14dfbd94e8b4eeac845e98b196137d5d2c,pipeline.py,present
south-central-tx-census-tiger-roads.parquet,south-central-tx,123179430,01789d76ec06c80ce48f32b998b386f7df50b970f23e06c90e2e59b2db5e21c6,pipeline.py,removed
south-central-tx-overture-buildings.parquet,south-central-tx,1269949045,c785871e9e2e38e06b1f256a279154a23a4b38448ae0771eb744b49d66b1a506,pipeline.py,present
south-central-tx-microsoft-buildings.parquet,south-central-tx,1170566280,2d770fa47d90d63182db1fb362dabe0a7addec023342ab5fe4c366505fcb8dcd,pipeline.py,removed
south-central-tx-overture-pois.parquet,south-central-tx,179937096,08728fee580c90179188b1cdf89818e080c64acd1a16958f5fa00d17aac3c6a9,pipeline.py,present
south-central-tx-hifld-fire-stations.csv,south-central-tx,378262,4a03d91581826cb5b3dfff6f9ac93ea77289b7c440249e808c696534eec025c6,pipeline.py,removed
south-central-tx-hifld-ems-stations.csv,south-central-tx,67196,07d99f9bb301679e47b1c23271342948ea16fd9cbdf669f113a81bfbfd87c49d,pipeline.py,removed
south-central-tx-hifld-schools.csv,south-central-tx,1117152,a3f08cbda2425dc04f09d9acd9ce872093387701653d30ebb884df6097cb93f3,pipeline.py,removed
south-central-tx-census-cbp.csv,south-central-tx,285295,8982e7f195ba8b74f9c6f4bf24758e32cfb3c665905f0a82c49e420e4d8fcfb9,pipeline.py,removed
northern-ca-strata-tract-table.parquet,northern-ca,354711,7fc19dce5ca76ee94eb2006d9bd51bed71d5bfbcdf3ef756605e0998df940243,tools,present
eastern-ok-strata-tract-table.parquet,eastern-ok,638464,e82862b9d9db436410ad47df466e133df94df6328f6a138d5bd871b491ba0d54,tools,present
maricopa-az-strata-tract-table.parquet,maricopa-az,793492,f19ec2f5afd400827b2420a81916bdec95b08772badd85fdb250149c334a5fcd,tools,present
south-central-tx-strata-tract-table.parquet,south-central-tx,2800838,55589565024414f244ccbcadcc45a90860a3840ec9d8a4bdfa8a126c2128a354,tools,present
